Date,Open,High,Low,Close,Volume,Adj Close
2000-01-03,,,,,,
2000-01-04,,,,,,
2000-01-05,,,,,,
2000-01-06,,,,,,
2000-01-07,,,,,,
2000-01-10,,,,,,
2000-01-11,,,,,,
2000-01-12,,,,,,
2000-01-13,,,,,,
2000-01-14,,,,,,
2000-01-18,,,,,,
2000-01-19,,,,,,
2000-01-20,,,,,,
2000-01-21,,,,,,
2000-01-24,,,,,,
2000-01-25,,,,,,
2000-01-26,,,,,,
2000-01-27,,,,,,
2000-01-28,,,,,,
2000-01-31,,,,,,
2000-02-01,,,,,,
2000-02-02,,,,,,
2000-02-03,,,,,,
2000-02-04,,,,,,
2000-02-07,,,,,,
2000-02-08,,,,,,
2000-02-09,,,,,,
2000-02-10,,,,,,
2000-02-11,,,,,,
2000-02-14,,,,,,
2000-02-15,,,,,,
2000-02-16,,,,,,
2000-02-17,,,,,,
2000-02-18,,,,,,
2000-02-22,,,,,,
2000-02-23,,,,,,
2000-02-24,,,,,,
2000-02-25,,,,,,
2000-02-28,,,,,,
2000-02-29,,,,,,
2000-03-01,,,,,,
2000-03-02,,,,,,
2000-03-03,,,,,,
2000-03-06,,,,,,
2000-03-07,,,,,,
2000-03-08,,,,,,
2000-03-09,,,,,,
2000-03-10,,,,,,
2000-03-13,,,,,,
2000-03-14,,,,,,
2000-03-15,,,,,,
2000-03-16,,,,,,
2000-03-17,,,,,,
2000-03-20,,,,,,
2000-03-21,,,,,,
2000-03-22,,,,,,
2000-03-23,,,,,,
2000-03-24,,,,,,
2000-03-27,,,,,,
2000-03-28,,,,,,
2000-03-29,,,,,,
2000-03-30,,,,,,
2000-03-31,,,,,,
2000-04-03,,,,,,
2000-04-04,,,,,,
2000-04-05,,,,,,
2000-04-06,,,,,,
2000-04-07,,,,,,
2000-04-10,,,,,,
2000-04-11,,,,,,
2000-04-12,,,,,,
2000-04-13,,,,,,
2000-04-14,,,,,,
2000-04-17,,,,,,
2000-04-18,,,,,,
2000-04-19,,,,,,
2000-04-20,,,,,,
2000-04-24,,,,,,
2000-04-25,,,,,,
2000-04-26,,,,,,
2000-04-27,,,,,,
2000-04-28,,,,,,
2000-05-01,,,,,,
2000-05-02,,,,,,
2000-05-03,,,,,,
2000-05-04,,,,,,
2000-05-05,,,,,,
2000-05-08,,,,,,
2000-05-09,,,,,,
2000-05-10,,,,,,
2000-05-11,,,,,,
2000-05-12,,,,,,
2000-05-15,,,,,,
2000-05-16,,,,,,
2000-05-17,,,,,,
2000-05-18,,,,,,
2000-05-19,,,,,,
2000-05-22,,,,,,
2000-05-23,,,,,,
2000-05-24,,,,,,
2000-05-25,,,,,,
2000-05-26,,,,,,
2000-05-30,,,,,,
2000-05-31,,,,,,
2000-06-01,,,,,,
2000-06-02,,,,,,
2000-06-05,,,,,,
2000-06-06,,,,,,
2000-06-07,,,,,,
2000-06-08,,,,,,
2000-06-09,,,,,,
2000-06-12,,,,,,
2000-06-13,,,,,,
2000-06-14,,,,,,
2000-06-15,,,,,,
2000-06-16,,,,,,
2000-06-19,,,,,,
2000-06-20,,,,,,
2000-06-21,,,,,,
2000-06-22,,,,,,
2000-06-23,,,,,,
2000-06-26,,,,,,
2000-06-27,,,,,,
2000-06-28,,,,,,
2000-06-29,,,,,,
2000-06-30,,,,,,
2000-07-03,,,,,,
2000-07-05,,,,,,
2000-07-06,,,,,,
2000-07-07,,,,,,
2000-07-10,,,,,,
2000-07-11,,,,,,
2000-07-12,,,,,,
2000-07-13,,,,,,
2000-07-14,,,,,,
2000-07-17,,,,,,
2000-07-18,,,,,,
2000-07-19,,,,,,
2000-07-20,,,,,,
2000-07-21,,,,,,
2000-07-24,,,,,,
2000-07-25,,,,,,
2000-07-26,,,,,,
2000-07-27,,,,,,
2000-07-28,,,,,,
2000-07-31,,,,,,
2000-08-01,,,,,,
2000-08-02,,,,,,
2000-08-03,,,,,,
2000-08-04,,,,,,
2000-08-07,,,,,,
2000-08-08,,,,,,
2000-08-09,,,,,,
2000-08-10,,,,,,
2000-08-11,,,,,,
2000-08-14,,,,,,
2000-08-15,,,,,,
2000-08-16,,,,,,
2000-08-17,,,,,,
2000-08-18,,,,,,
2000-08-21,,,,,,
2000-08-22,,,,,,
2000-08-23,,,,,,
2000-08-24,,,,,,
2000-08-25,,,,,,
2000-08-28,,,,,,
2000-08-29,,,,,,
2000-08-30,,,,,,
2000-08-31,,,,,,
2000-09-01,,,,,,
2000-09-05,,,,,,
2000-09-06,,,,,,
2000-09-07,,,,,,
2000-09-08,,,,,,
2000-09-11,,,,,,
2000-09-12,,,,,,
2000-09-13,,,,,,
2000-09-14,,,,,,
2000-09-15,,,,,,
2000-09-18,,,,,,
2000-09-19,,,,,,
2000-09-20,,,,,,
2000-09-21,,,,,,
2000-09-22,,,,,,
2000-09-25,,,,,,
2000-09-26,,,,,,
2000-09-27,,,,,,
2000-09-28,,,,,,
2000-09-29,,,,,,
2000-10-02,,,,,,
2000-10-03,,,,,,
2000-10-04,,,,,,
2000-10-05,,,,,,
2000-10-06,,,,,,
2000-10-09,,,,,,
2000-10-10,,,,,,
2000-10-11,,,,,,
2000-10-12,,,,,,
2000-10-13,,,,,,
2000-10-16,,,,,,
2000-10-17,,,,,,
2000-10-18,,,,,,
2000-10-19,,,,,,
2000-10-20,,,,,,
2000-10-23,,,,,,
2000-10-24,,,,,,
2000-10-25,,,,,,
2000-10-26,,,,,,
2000-10-27,,,,,,
2000-10-30,,,,,,
2000-10-31,,,,,,
2000-11-01,,,,,,
2000-11-02,,,,,,
2000-11-03,,,,,,
2000-11-06,,,,,,
2000-11-07,,,,,,
2000-11-08,,,,,,
2000-11-09,,,,,,
2000-11-10,,,,,,
2000-11-13,,,,,,
2000-11-14,,,,,,
2000-11-15,,,,,,
2000-11-16,,,,,,
2000-11-17,,,,,,
2000-11-20,,,,,,
2000-11-21,,,,,,
2000-11-22,,,,,,
2000-11-24,,,,,,
2000-11-27,,,,,,
2000-11-28,,,,,,
2000-11-29,,,,,,
2000-11-30,,,,,,
2000-12-01,,,,,,
2000-12-04,,,,,,
2000-12-05,,,,,,
2000-12-06,,,,,,
2000-12-07,,,,,,
2000-12-08,,,,,,
2000-12-11,,,,,,
2000-12-12,,,,,,
2000-12-13,,,,,,
2000-12-14,,,,,,
2000-12-15,,,,,,
2000-12-18,,,,,,
2000-12-19,,,,,,
2000-12-20,,,,,,
2000-12-21,,,,,,
2000-12-22,,,,,,
2000-12-26,,,,,,
2000-12-27,,,,,,
2000-12-28,,,,,,
2000-12-29,,,,,,
2001-01-02,,,,,,
2001-01-03,,,,,,
2001-01-04,,,,,,
2001-01-05,,,,,,
2001-01-08,,,,,,
2001-01-09,,,,,,
2001-01-10,,,,,,
2001-01-11,,,,,,
2001-01-12,,,,,,
2001-01-16,,,,,,
2001-01-17,,,,,,
2001-01-18,,,,,,
2001-01-19,,,,,,
2001-01-22,,,,,,
2001-01-23,,,,,,
2001-01-24,,,,,,
2001-01-25,,,,,,
2001-01-26,,,,,,
2001-01-29,,,,,,
2001-01-30,,,,,,
2001-01-31,,,,,,
2001-02-01,,,,,,
2001-02-02,,,,,,
2001-02-05,,,,,,
2001-02-06,,,,,,
2001-02-07,,,,,,
2001-02-08,,,,,,
2001-02-09,,,,,,
2001-02-12,,,,,,
2001-02-13,,,,,,
2001-02-14,,,,,,
2001-02-15,,,,,,
2001-02-16,,,,,,
2001-02-20,,,,,,
2001-02-21,,,,,,
2001-02-22,,,,,,
2001-02-23,,,,,,
2001-02-26,,,,,,
2001-02-27,,,,,,
2001-02-28,,,,,,
2001-03-01,,,,,,
2001-03-02,,,,,,
2001-03-05,,,,,,
2001-03-06,,,,,,
2001-03-07,,,,,,
2001-03-08,,,,,,
2001-03-09,,,,,,
2001-03-12,,,,,,
2001-03-13,,,,,,
2001-03-14,,,,,,
2001-03-15,,,,,,
2001-03-16,,,,,,
2001-03-19,,,,,,
2001-03-20,,,,,,
2001-03-21,,,,,,
2001-03-22,,,,,,
2001-03-23,,,,,,
2001-03-26,,,,,,
2001-03-27,,,,,,
2001-03-28,,,,,,
2001-03-29,,,,,,
2001-03-30,,,,,,
2001-04-02,,,,,,
2001-04-03,,,,,,
2001-04-04,,,,,,
2001-04-05,,,,,,
2001-04-06,,,,,,
2001-04-09,,,,,,
2001-04-10,,,,,,
2001-04-11,,,,,,
2001-04-12,,,,,,
2001-04-16,,,,,,
2001-04-17,,,,,,
2001-04-18,,,,,,
2001-04-19,,,,,,
2001-04-20,,,,,,
2001-04-23,,,,,,
2001-04-24,,,,,,
2001-04-25,,,,,,
2001-04-26,,,,,,
2001-04-27,,,,,,
2001-04-30,,,,,,
2001-05-01,,,,,,
2001-05-02,,,,,,
2001-05-03,,,,,,
2001-05-04,,,,,,
2001-05-07,,,,,,
2001-05-08,,,,,,
2001-05-09,,,,,,
2001-05-10,,,,,,
2001-05-11,,,,,,
2001-05-14,,,,,,
2001-05-15,,,,,,
2001-05-16,,,,,,
2001-05-17,,,,,,
2001-05-18,,,,,,
2001-05-21,,,,,,
2001-05-22,,,,,,
2001-05-23,,,,,,
2001-05-24,,,,,,
2001-05-25,,,,,,
2001-05-29,,,,,,
2001-05-30,,,,,,
2001-05-31,,,,,,
2001-06-01,,,,,,
2001-06-04,,,,,,
2001-06-05,,,,,,
2001-06-06,,,,,,
2001-06-07,,,,,,
2001-06-08,,,,,,
2001-06-11,,,,,,
2001-06-12,,,,,,
2001-06-13,,,,,,
2001-06-14,,,,,,
2001-06-15,,,,,,
2001-06-18,,,,,,
2001-06-19,,,,,,
2001-06-20,,,,,,
2001-06-21,,,,,,
2001-06-22,,,,,,
2001-06-25,,,,,,
2001-06-26,,,,,,
2001-06-27,,,,,,
2001-06-28,,,,,,
2001-06-29,,,,,,
2001-07-02,,,,,,
2001-07-03,,,,,,
2001-07-05,,,,,,
2001-07-06,,,,,,
2001-07-09,,,,,,
2001-07-10,,,,,,
2001-07-11,,,,,,
2001-07-12,,,,,,
2001-07-13,,,,,,
2001-07-16,,,,,,
2001-07-17,,,,,,
2001-07-18,,,,,,
2001-07-19,,,,,,
2001-07-20,,,,,,
2001-07-23,,,,,,
2001-07-24,,,,,,
2001-07-25,,,,,,
2001-07-26,,,,,,
2001-07-27,,,,,,
2001-07-30,,,,,,
2001-07-31,,,,,,
2001-08-01,,,,,,
2001-08-02,,,,,,
2001-08-03,,,,,,
2001-08-06,,,,,,
2001-08-07,,,,,,
2001-08-08,,,,,,
2001-08-09,,,,,,
2001-08-10,,,,,,
2001-08-13,,,,,,
2001-08-14,,,,,,
2001-08-15,,,,,,
2001-08-16,,,,,,
2001-08-17,,,,,,
2001-08-20,,,,,,
2001-08-21,,,,,,
2001-08-22,,,,,,
2001-08-23,,,,,,
2001-08-24,,,,,,
2001-08-27,,,,,,
2001-08-28,,,,,,
2001-08-29,,,,,,
2001-08-30,,,,,,
2001-08-31,,,,,,
2001-09-04,,,,,,
2001-09-05,,,,,,
2001-09-06,,,,,,
2001-09-07,,,,,,
2001-09-10,,,,,,
2001-09-17,,,,,,
2001-09-18,,,,,,
2001-09-19,,,,,,
2001-09-20,,,,,,
2001-09-21,,,,,,
2001-09-24,,,,,,
2001-09-25,,,,,,
2001-09-26,,,,,,
2001-09-27,,,,,,
2001-09-28,,,,,,
2001-10-01,,,,,,
2001-10-02,,,,,,
2001-10-03,,,,,,
2001-10-04,,,,,,
2001-10-05,,,,,,
2001-10-08,,,,,,
2001-10-09,,,,,,
2001-10-10,,,,,,
2001-10-11,,,,,,
2001-10-12,,,,,,
2001-10-15,,,,,,
2001-10-16,,,,,,
2001-10-17,,,,,,
2001-10-18,,,,,,
2001-10-19,,,,,,
2001-10-22,,,,,,
2001-10-23,,,,,,
2001-10-24,,,,,,
2001-10-25,,,,,,
2001-10-26,,,,,,
2001-10-29,,,,,,
2001-10-30,,,,,,
2001-10-31,,,,,,
2001-11-01,,,,,,
2001-11-02,,,,,,
2001-11-05,,,,,,
2001-11-06,,,,,,
2001-11-07,,,,,,
2001-11-08,,,,,,
2001-11-09,,,,,,
2001-11-12,,,,,,
2001-11-13,,,,,,
2001-11-14,,,,,,
2001-11-15,,,,,,
2001-11-16,,,,,,
2001-11-19,,,,,,
2001-11-20,,,,,,
2001-11-21,,,,,,
2001-11-23,,,,,,
2001-11-26,,,,,,
2001-11-27,,,,,,
2001-11-28,,,,,,
2001-11-29,,,,,,
2001-11-30,,,,,,
2001-12-03,,,,,,
2001-12-04,,,,,,
2001-12-05,,,,,,
2001-12-06,,,,,,
2001-12-07,,,,,,
2001-12-10,,,,,,
2001-12-11,,,,,,
2001-12-12,,,,,,
2001-12-13,,,,,,
2001-12-14,,,,,,
2001-12-17,,,,,,
2001-12-18,,,,,,
2001-12-19,,,,,,
2001-12-20,,,,,,
2001-12-21,,,,,,
2001-12-24,,,,,,
2001-12-26,,,,,,
2001-12-27,,,,,,
2001-12-28,,,,,,
2001-12-31,,,,,,
2002-01-02,,,,,,
2002-01-03,,,,,,
2002-01-04,,,,,,
2002-01-07,,,,,,
2002-01-08,,,,,,
2002-01-09,,,,,,
2002-01-10,,,,,,
2002-01-11,,,,,,
2002-01-14,,,,,,
2002-01-15,,,,,,
2002-01-16,,,,,,
2002-01-17,,,,,,
2002-01-18,,,,,,
2002-01-22,,,,,,
2002-01-23,,,,,,
2002-01-24,,,,,,
2002-01-25,,,,,,
2002-01-28,,,,,,
2002-01-29,,,,,,
2002-01-30,,,,,,
2002-01-31,,,,,,
2002-02-01,,,,,,
2002-02-04,,,,,,
2002-02-05,,,,,,
2002-02-06,,,,,,
2002-02-07,,,,,,
2002-02-08,,,,,,
2002-02-11,,,,,,
2002-02-12,,,,,,
2002-02-13,,,,,,
2002-02-14,,,,,,
2002-02-15,,,,,,
2002-02-19,,,,,,
2002-02-20,,,,,,
2002-02-21,,,,,,
2002-02-22,,,,,,
2002-02-25,,,,,,
2002-02-26,,,,,,
2002-02-27,,,,,,
2002-02-28,,,,,,
2002-03-01,,,,,,
2002-03-04,,,,,,
2002-03-05,,,,,,
2002-03-06,,,,,,
2002-03-07,,,,,,
2002-03-08,,,,,,
2002-03-11,,,,,,
2002-03-12,,,,,,
2002-03-13,,,,,,
2002-03-14,,,,,,
2002-03-15,,,,,,
2002-03-18,,,,,,
2002-03-19,,,,,,
2002-03-20,,,,,,
2002-03-21,,,,,,
2002-03-22,,,,,,
2002-03-25,,,,,,
2002-03-26,,,,,,
2002-03-27,,,,,,
2002-03-28,,,,,,
2002-04-01,,,,,,
2002-04-02,,,,,,
2002-04-03,,,,,,
2002-04-04,,,,,,
2002-04-05,,,,,,
2002-04-08,,,,,,
2002-04-09,,,,,,
2002-04-10,,,,,,
2002-04-11,,,,,,
2002-04-12,,,,,,
2002-04-15,,,,,,
2002-04-16,,,,,,
2002-04-17,,,,,,
2002-04-18,,,,,,
2002-04-19,,,,,,
2002-04-22,,,,,,
2002-04-23,,,,,,
2002-04-24,,,,,,
2002-04-25,,,,,,
2002-04-26,,,,,,
2002-04-29,,,,,,
2002-04-30,,,,,,
2002-05-01,,,,,,
2002-05-02,,,,,,
2002-05-03,,,,,,
2002-05-06,,,,,,
2002-05-07,,,,,,
2002-05-08,,,,,,
2002-05-09,,,,,,
2002-05-10,,,,,,
2002-05-13,,,,,,
2002-05-14,,,,,,
2002-05-15,,,,,,
2002-05-16,,,,,,
2002-05-17,,,,,,
2002-05-20,,,,,,
2002-05-21,,,,,,
2002-05-22,,,,,,
2002-05-23,,,,,,
2002-05-24,,,,,,
2002-05-28,,,,,,
2002-05-29,,,,,,
2002-05-30,,,,,,
2002-05-31,,,,,,
2002-06-03,,,,,,
2002-06-04,,,,,,
2002-06-05,,,,,,
2002-06-06,,,,,,
2002-06-07,,,,,,
2002-06-10,,,,,,
2002-06-11,,,,,,
2002-06-12,,,,,,
2002-06-13,,,,,,
2002-06-14,,,,,,
2002-06-17,,,,,,
2002-06-18,,,,,,
2002-06-19,,,,,,
2002-06-20,,,,,,
2002-06-21,,,,,,
2002-06-24,,,,,,
2002-06-25,,,,,,
2002-06-26,,,,,,
2002-06-27,,,,,,
2002-06-28,,,,,,
2002-07-01,,,,,,
2002-07-02,,,,,,
2002-07-03,,,,,,
2002-07-05,,,,,,
2002-07-08,,,,,,
2002-07-09,,,,,,
2002-07-10,,,,,,
2002-07-11,,,,,,
2002-07-12,,,,,,
2002-07-15,,,,,,
2002-07-16,,,,,,
2002-07-17,,,,,,
2002-07-18,,,,,,
2002-07-19,,,,,,
2002-07-22,,,,,,
2002-07-23,,,,,,
2002-07-24,,,,,,
2002-07-25,,,,,,
2002-07-26,,,,,,
2002-07-29,,,,,,
2002-07-30,,,,,,
2002-07-31,,,,,,
2002-08-01,,,,,,
2002-08-02,,,,,,
2002-08-05,,,,,,
2002-08-06,,,,,,
2002-08-07,,,,,,
2002-08-08,,,,,,
2002-08-09,,,,,,
2002-08-12,,,,,,
2002-08-13,,,,,,
2002-08-14,,,,,,
2002-08-15,,,,,,
2002-08-16,,,,,,
2002-08-19,,,,,,
2002-08-20,,,,,,
2002-08-21,,,,,,
2002-08-22,,,,,,
2002-08-23,,,,,,
2002-08-26,,,,,,
2002-08-27,,,,,,
2002-08-28,,,,,,
2002-08-29,,,,,,
2002-08-30,,,,,,
2002-09-03,,,,,,
2002-09-04,,,,,,
2002-09-05,,,,,,
2002-09-06,,,,,,
2002-09-09,,,,,,
2002-09-10,,,,,,
2002-09-11,,,,,,
2002-09-12,,,,,,
2002-09-13,,,,,,
2002-09-16,,,,,,
2002-09-17,,,,,,
2002-09-18,,,,,,
2002-09-19,,,,,,
2002-09-20,,,,,,
2002-09-23,,,,,,
2002-09-24,,,,,,
2002-09-25,,,,,,
2002-09-26,,,,,,
2002-09-27,,,,,,
2002-09-30,,,,,,
2002-10-01,,,,,,
2002-10-02,,,,,,
2002-10-03,,,,,,
2002-10-04,,,,,,
2002-10-07,,,,,,
2002-10-08,,,,,,
2002-10-09,,,,,,
2002-10-10,,,,,,
2002-10-11,,,,,,
2002-10-14,,,,,,
2002-10-15,,,,,,
2002-10-16,,,,,,
2002-10-17,,,,,,
2002-10-18,,,,,,
2002-10-21,,,,,,
2002-10-22,,,,,,
2002-10-23,,,,,,
2002-10-24,,,,,,
2002-10-25,,,,,,
2002-10-28,,,,,,
2002-10-29,,,,,,
2002-10-30,,,,,,
2002-10-31,,,,,,
2002-11-01,,,,,,
2002-11-04,,,,,,
2002-11-05,,,,,,
2002-11-06,,,,,,
2002-11-07,,,,,,
2002-11-08,,,,,,
2002-11-11,,,,,,
2002-11-12,,,,,,
2002-11-13,,,,,,
2002-11-14,,,,,,
2002-11-15,,,,,,
2002-11-18,,,,,,
2002-11-19,,,,,,
2002-11-20,,,,,,
2002-11-21,,,,,,
2002-11-22,,,,,,
2002-11-25,,,,,,
2002-11-26,,,,,,
2002-11-27,,,,,,
2002-11-29,,,,,,
2002-12-02,,,,,,
2002-12-03,,,,,,
2002-12-04,,,,,,
2002-12-05,,,,,,
2002-12-06,,,,,,
2002-12-09,,,,,,
2002-12-10,,,,,,
2002-12-11,,,,,,
2002-12-12,,,,,,
2002-12-13,,,,,,
2002-12-16,,,,,,
2002-12-17,,,,,,
2002-12-18,,,,,,
2002-12-19,,,,,,
2002-12-20,,,,,,
2002-12-23,,,,,,
2002-12-24,,,,,,
2002-12-26,,,,,,
2002-12-27,,,,,,
2002-12-30,,,,,,
2002-12-31,,,,,,
2003-01-02,,,,,,
2003-01-03,,,,,,
2003-01-06,,,,,,
2003-01-07,,,,,,
2003-01-08,,,,,,
2003-01-09,,,,,,
2003-01-10,,,,,,
2003-01-13,,,,,,
2003-01-14,,,,,,
2003-01-15,,,,,,
2003-01-16,,,,,,
2003-01-17,,,,,,
2003-01-21,,,,,,
2003-01-22,,,,,,
2003-01-23,,,,,,
2003-01-24,,,,,,
2003-01-27,,,,,,
2003-01-28,,,,,,
2003-01-29,,,,,,
2003-01-30,,,,,,
2003-01-31,,,,,,
2003-02-03,,,,,,
2003-02-04,,,,,,
2003-02-05,,,,,,
2003-02-06,,,,,,
2003-02-07,,,,,,
2003-02-10,,,,,,
2003-02-11,,,,,,
2003-02-12,,,,,,
2003-02-13,,,,,,
2003-02-14,,,,,,
2003-02-18,,,,,,
2003-02-19,,,,,,
2003-02-20,,,,,,
2003-02-21,,,,,,
2003-02-24,,,,,,
2003-02-25,,,,,,
2003-02-26,,,,,,
2003-02-27,,,,,,
2003-02-28,,,,,,
2003-03-03,,,,,,
2003-03-04,,,,,,
2003-03-05,,,,,,
2003-03-06,,,,,,
2003-03-07,,,,,,
2003-03-10,,,,,,
2003-03-11,,,,,,
2003-03-12,,,,,,
2003-03-13,,,,,,
2003-03-14,,,,,,
2003-03-17,,,,,,
2003-03-18,,,,,,
2003-03-19,,,,,,
2003-03-20,,,,,,
2003-03-21,,,,,,
2003-03-24,,,,,,
2003-03-25,,,,,,
2003-03-26,,,,,,
2003-03-27,,,,,,
2003-03-28,,,,,,
2003-03-31,,,,,,
2003-04-01,,,,,,
2003-04-02,,,,,,
2003-04-03,,,,,,
2003-04-04,,,,,,
2003-04-07,,,,,,
2003-04-08,,,,,,
2003-04-09,,,,,,
2003-04-10,,,,,,
2003-04-11,,,,,,
2003-04-14,,,,,,
2003-04-15,,,,,,
2003-04-16,,,,,,
2003-04-17,,,,,,
2003-04-21,,,,,,
2003-04-22,,,,,,
2003-04-23,,,,,,
2003-04-24,,,,,,
2003-04-25,,,,,,
2003-04-28,,,,,,
2003-04-29,,,,,,
2003-04-30,,,,,,
2003-05-01,,,,,,
2003-05-02,,,,,,
2003-05-05,,,,,,
2003-05-06,,,,,,
2003-05-07,,,,,,
2003-05-08,,,,,,
2003-05-09,,,,,,
2003-05-12,,,,,,
2003-05-13,,,,,,
2003-05-14,,,,,,
2003-05-15,,,,,,
2003-05-16,,,,,,
2003-05-19,,,,,,
2003-05-20,,,,,,
2003-05-21,,,,,,
2003-05-22,,,,,,
2003-05-23,,,,,,
2003-05-27,,,,,,
2003-05-28,,,,,,
2003-05-29,,,,,,
2003-05-30,,,,,,
2003-06-02,,,,,,
2003-06-03,,,,,,
2003-06-04,,,,,,
2003-06-05,,,,,,
2003-06-06,,,,,,
2003-06-09,,,,,,
2003-06-10,,,,,,
2003-06-11,,,,,,
2003-06-12,,,,,,
2003-06-13,,,,,,
2003-06-16,,,,,,
2003-06-17,,,,,,
2003-06-18,,,,,,
2003-06-19,,,,,,
2003-06-20,,,,,,
2003-06-23,,,,,,
2003-06-24,,,,,,
2003-06-25,,,,,,
2003-06-26,,,,,,
2003-06-27,,,,,,
2003-06-30,,,,,,
2003-07-01,,,,,,
2003-07-02,,,,,,
2003-07-03,,,,,,
2003-07-07,,,,,,
2003-07-08,,,,,,
2003-07-09,,,,,,
2003-07-10,,,,,,
2003-07-11,,,,,,
2003-07-14,,,,,,
2003-07-15,,,,,,
2003-07-16,,,,,,
2003-07-17,,,,,,
2003-07-18,,,,,,
2003-07-21,,,,,,
2003-07-22,,,,,,
2003-07-23,,,,,,
2003-07-24,,,,,,
2003-07-25,,,,,,
2003-07-28,,,,,,
2003-07-29,,,,,,
2003-07-30,,,,,,
2003-07-31,,,,,,
2003-08-01,,,,,,
2003-08-04,,,,,,
2003-08-05,,,,,,
2003-08-06,,,,,,
2003-08-07,,,,,,
2003-08-08,,,,,,
2003-08-11,,,,,,
2003-08-12,,,,,,
2003-08-13,,,,,,
2003-08-14,,,,,,
2003-08-15,,,,,,
2003-08-18,,,,,,
2003-08-19,,,,,,
2003-08-20,,,,,,
2003-08-21,,,,,,
2003-08-22,,,,,,
2003-08-25,,,,,,
2003-08-26,,,,,,
2003-08-27,,,,,,
2003-08-28,,,,,,
2003-08-29,,,,,,
2003-09-02,,,,,,
2003-09-03,,,,,,
2003-09-04,,,,,,
2003-09-05,,,,,,
2003-09-08,,,,,,
2003-09-09,,,,,,
2003-09-10,,,,,,
2003-09-11,,,,,,
2003-09-12,,,,,,
2003-09-15,,,,,,
2003-09-16,,,,,,
2003-09-17,,,,,,
2003-09-18,,,,,,
2003-09-19,,,,,,
2003-09-22,,,,,,
2003-09-23,,,,,,
2003-09-24,,,,,,
2003-09-25,,,,,,
2003-09-26,,,,,,
2003-09-29,,,,,,
2003-09-30,,,,,,
2003-10-01,,,,,,
2003-10-02,,,,,,
2003-10-03,,,,,,
2003-10-06,,,,,,
2003-10-07,,,,,,
2003-10-08,,,,,,
2003-10-09,,,,,,
2003-10-10,,,,,,
2003-10-13,,,,,,
2003-10-14,,,,,,
2003-10-15,,,,,,
2003-10-16,,,,,,
2003-10-17,,,,,,
2003-10-20,,,,,,
2003-10-21,,,,,,
2003-10-22,,,,,,
2003-10-23,,,,,,
2003-10-24,,,,,,
2003-10-27,,,,,,
2003-10-28,,,,,,
2003-10-29,,,,,,
2003-10-30,,,,,,
2003-10-31,,,,,,
2003-11-03,,,,,,
2003-11-04,,,,,,
2003-11-05,,,,,,
2003-11-06,,,,,,
2003-11-07,,,,,,
2003-11-10,,,,,,
2003-11-11,,,,,,
2003-11-12,,,,,,
2003-11-13,,,,,,
2003-11-14,,,,,,
2003-11-17,,,,,,
2003-11-18,,,,,,
2003-11-19,,,,,,
2003-11-20,,,,,,
2003-11-21,,,,,,
2003-11-24,,,,,,
2003-11-25,,,,,,
2003-11-26,,,,,,
2003-11-28,,,,,,
2003-12-01,,,,,,
2003-12-02,,,,,,
2003-12-03,,,,,,
2003-12-04,,,,,,
2003-12-05,,,,,,
2003-12-08,,,,,,
2003-12-09,,,,,,
2003-12-10,,,,,,
2003-12-11,,,,,,
2003-12-12,,,,,,
2003-12-15,,,,,,
2003-12-16,,,,,,
2003-12-17,,,,,,
2003-12-18,,,,,,
2003-12-19,,,,,,
2003-12-22,,,,,,
2003-12-23,,,,,,
2003-12-24,,,,,,
2003-12-26,,,,,,
2003-12-29,,,,,,
2003-12-30,,,,,,
2003-12-31,,,,,,
2004-01-02,,,,,,
2004-01-05,,,,,,
2004-01-06,,,,,,
2004-01-07,,,,,,
2004-01-08,,,,,,
2004-01-09,,,,,,
2004-01-12,,,,,,
2004-01-13,,,,,,
2004-01-14,,,,,,
2004-01-15,,,,,,
2004-01-16,,,,,,
2004-01-20,,,,,,
2004-01-21,,,,,,
2004-01-22,,,,,,
2004-01-23,,,,,,
2004-01-26,,,,,,
2004-01-27,,,,,,
2004-01-28,,,,,,
2004-01-29,,,,,,
2004-01-30,,,,,,
2004-02-02,,,,,,
2004-02-03,,,,,,
2004-02-04,,,,,,
2004-02-05,,,,,,
2004-02-06,,,,,,
2004-02-09,,,,,,
2004-02-10,,,,,,
2004-02-11,,,,,,
2004-02-12,,,,,,
2004-02-13,,,,,,
2004-02-17,,,,,,
2004-02-18,,,,,,
2004-02-19,,,,,,
2004-02-20,,,,,,
2004-02-23,,,,,,
2004-02-24,,,,,,
2004-02-25,,,,,,
2004-02-26,,,,,,
2004-02-27,,,,,,
2004-03-01,,,,,,
2004-03-02,,,,,,
2004-03-03,,,,,,
2004-03-04,,,,,,
2004-03-05,,,,,,
2004-03-08,,,,,,
2004-03-09,,,,,,
2004-03-10,,,,,,
2004-03-11,,,,,,
2004-03-12,,,,,,
2004-03-15,,,,,,
2004-03-16,,,,,,
2004-03-17,,,,,,
2004-03-18,,,,,,
2004-03-19,,,,,,
2004-03-22,,,,,,
2004-03-23,,,,,,
2004-03-24,,,,,,
2004-03-25,,,,,,
2004-03-26,,,,,,
2004-03-29,,,,,,
2004-03-30,,,,,,
2004-03-31,,,,,,
2004-04-01,,,,,,
2004-04-02,,,,,,
2004-04-05,,,,,,
2004-04-06,,,,,,
2004-04-07,,,,,,
2004-04-08,,,,,,
2004-04-12,,,,,,
2004-04-13,,,,,,
2004-04-14,,,,,,
2004-04-15,,,,,,
2004-04-16,,,,,,
2004-04-19,,,,,,
2004-04-20,,,,,,
2004-04-21,,,,,,
2004-04-22,,,,,,
2004-04-23,,,,,,
2004-04-26,,,,,,
2004-04-27,,,,,,
2004-04-28,,,,,,
2004-04-29,,,,,,
2004-04-30,,,,,,
2004-05-03,,,,,,
2004-05-04,,,,,,
2004-05-05,,,,,,
2004-05-06,,,,,,
2004-05-07,,,,,,
2004-05-10,,,,,,
2004-05-11,,,,,,
2004-05-12,,,,,,
2004-05-13,,,,,,
2004-05-14,,,,,,
2004-05-17,,,,,,
2004-05-18,,,,,,
2004-05-19,,,,,,
2004-05-20,,,,,,
2004-05-21,,,,,,
2004-05-24,,,,,,
2004-05-25,,,,,,
2004-05-26,,,,,,
2004-05-27,,,,,,
2004-05-28,,,,,,
2004-06-01,,,,,,
2004-06-02,,,,,,
2004-06-03,,,,,,
2004-06-04,,,,,,
2004-06-07,,,,,,
2004-06-08,,,,,,
2004-06-09,,,,,,
2004-06-10,,,,,,
2004-06-14,,,,,,
2004-06-15,,,,,,
2004-06-16,,,,,,
2004-06-17,,,,,,
2004-06-18,,,,,,
2004-06-21,,,,,,
2004-06-22,,,,,,
2004-06-23,,,,,,
2004-06-24,,,,,,
2004-06-25,,,,,,
2004-06-28,,,,,,
2004-06-29,,,,,,
2004-06-30,,,,,,
2004-07-01,,,,,,
2004-07-02,,,,,,
2004-07-06,,,,,,
2004-07-07,,,,,,
2004-07-08,,,,,,
2004-07-09,,,,,,
2004-07-12,,,,,,
2004-07-13,,,,,,
2004-07-14,,,,,,
2004-07-15,,,,,,
2004-07-16,,,,,,
2004-07-19,,,,,,
2004-07-20,,,,,,
2004-07-21,,,,,,
2004-07-22,,,,,,
2004-07-23,,,,,,
2004-07-26,,,,,,
2004-07-27,,,,,,
2004-07-28,,,,,,
2004-07-29,,,,,,
2004-07-30,,,,,,
2004-08-02,,,,,,
2004-08-03,,,,,,
2004-08-04,,,,,,
2004-08-05,,,,,,
2004-08-06,,,,,,
2004-08-09,,,,,,
2004-08-10,,,,,,
2004-08-11,,,,,,
2004-08-12,,,,,,
2004-08-13,,,,,,
2004-08-16,,,,,,
2004-08-17,,,,,,
2004-08-18,,,,,,
2004-08-19,,,,,,
2004-08-20,,,,,,
2004-08-23,,,,,,
2004-08-24,,,,,,
2004-08-25,,,,,,
2004-08-26,,,,,,
2004-08-27,,,,,,
2004-08-30,,,,,,
2004-08-31,,,,,,
2004-09-01,,,,,,
2004-09-02,,,,,,
2004-09-03,,,,,,
2004-09-07,,,,,,
2004-09-08,,,,,,
2004-09-09,,,,,,
2004-09-10,,,,,,
2004-09-13,,,,,,
2004-09-14,,,,,,
2004-09-15,,,,,,
2004-09-16,,,,,,
2004-09-17,,,,,,
2004-09-20,,,,,,
2004-09-21,,,,,,
2004-09-22,,,,,,
2004-09-23,,,,,,
2004-09-24,,,,,,
2004-09-27,,,,,,
2004-09-28,,,,,,
2004-09-29,,,,,,
2004-09-30,,,,,,
2004-10-01,,,,,,
2004-10-04,,,,,,
2004-10-05,,,,,,
2004-10-06,,,,,,
2004-10-07,,,,,,
2004-10-08,,,,,,
2004-10-11,,,,,,
2004-10-12,,,,,,
2004-10-13,,,,,,
2004-10-14,,,,,,
2004-10-15,,,,,,
2004-10-18,,,,,,
2004-10-19,,,,,,
2004-10-20,,,,,,
2004-10-21,,,,,,
2004-10-22,,,,,,
2004-10-25,,,,,,
2004-10-26,,,,,,
2004-10-27,,,,,,
2004-10-28,,,,,,
2004-10-29,,,,,,
2004-11-01,,,,,,
2004-11-02,,,,,,
2004-11-03,,,,,,
2004-11-04,,,,,,
2004-11-05,,,,,,
2004-11-08,,,,,,
2004-11-09,,,,,,
2004-11-10,,,,,,
2004-11-11,,,,,,
2004-11-12,,,,,,
2004-11-15,,,,,,
2004-11-16,,,,,,
2004-11-17,,,,,,
2004-11-18,,,,,,
2004-11-19,,,,,,
2004-11-22,,,,,,
2004-11-23,,,,,,
2004-11-24,,,,,,
2004-11-26,,,,,,
2004-11-29,,,,,,
2004-11-30,,,,,,
2004-12-01,,,,,,
2004-12-02,,,,,,
2004-12-03,,,,,,
2004-12-06,,,,,,
2004-12-07,,,,,,
2004-12-08,,,,,,
2004-12-09,,,,,,
2004-12-10,,,,,,
2004-12-13,,,,,,
2004-12-14,,,,,,
2004-12-15,,,,,,
2004-12-16,,,,,,
2004-12-17,,,,,,
2004-12-20,,,,,,
2004-12-21,,,,,,
2004-12-22,,,,,,
2004-12-23,,,,,,
2004-12-27,,,,,,
2004-12-28,,,,,,
2004-12-29,,,,,,
2004-12-30,,,,,,
2004-12-31,,,,,,
2005-01-03,,,,,,
2005-01-04,,,,,,
2005-01-05,,,,,,
2005-01-06,,,,,,
2005-01-07,,,,,,
2005-01-10,,,,,,
2005-01-11,,,,,,
2005-01-12,,,,,,
2005-01-13,,,,,,
2005-01-14,,,,,,
2005-01-18,,,,,,
2005-01-19,,,,,,
2005-01-20,,,,,,
2005-01-21,,,,,,
2005-01-24,,,,,,
2005-01-25,,,,,,
2005-01-26,,,,,,
2005-01-27,,,,,,
2005-01-28,,,,,,
2005-01-31,,,,,,
2005-02-01,,,,,,
2005-02-02,,,,,,
2005-02-03,,,,,,
2005-02-04,,,,,,
2005-02-07,,,,,,
2005-02-08,,,,,,
2005-02-09,,,,,,
2005-02-10,,,,,,
2005-02-11,,,,,,
2005-02-14,,,,,,
2005-02-15,,,,,,
2005-02-16,,,,,,
2005-02-17,,,,,,
2005-02-18,,,,,,
2005-02-22,,,,,,
2005-02-23,,,,,,
2005-02-24,,,,,,
2005-02-25,,,,,,
2005-02-28,,,,,,
2005-03-01,,,,,,
2005-03-02,,,,,,
2005-03-03,,,,,,
2005-03-04,,,,,,
2005-03-07,,,,,,
2005-03-08,,,,,,
2005-03-09,,,,,,
2005-03-10,,,,,,
2005-03-11,,,,,,
2005-03-14,,,,,,
2005-03-15,,,,,,
2005-03-16,,,,,,
2005-03-17,,,,,,
2005-03-18,,,,,,
2005-03-21,,,,,,
2005-03-22,,,,,,
2005-03-23,,,,,,
2005-03-24,,,,,,
2005-03-28,,,,,,
2005-03-29,,,,,,
2005-03-30,,,,,,
2005-03-31,,,,,,
2005-04-01,,,,,,
2005-04-04,,,,,,
2005-04-05,,,,,,
2005-04-06,,,,,,
2005-04-07,,,,,,
2005-04-08,,,,,,
2005-04-11,,,,,,
2005-04-12,,,,,,
2005-04-13,,,,,,
2005-04-14,,,,,,
2005-04-15,,,,,,
2005-04-18,,,,,,
2005-04-19,,,,,,
2005-04-20,,,,,,
2005-04-21,,,,,,
2005-04-22,,,,,,
2005-04-25,,,,,,
2005-04-26,,,,,,
2005-04-27,,,,,,
2005-04-28,,,,,,
2005-04-29,,,,,,
2005-05-02,,,,,,
2005-05-03,,,,,,
2005-05-04,,,,,,
2005-05-05,,,,,,
2005-05-06,,,,,,
2005-05-09,,,,,,
2005-05-10,,,,,,
2005-05-11,,,,,,
2005-05-12,,,,,,
2005-05-13,,,,,,
2005-05-16,,,,,,
2005-05-17,,,,,,
2005-05-18,,,,,,
2005-05-19,,,,,,
2005-05-20,,,,,,
2005-05-23,,,,,,
2005-05-24,,,,,,
2005-05-25,,,,,,
2005-05-26,,,,,,
2005-05-27,,,,,,
2005-05-31,,,,,,
2005-06-01,,,,,,
2005-06-02,,,,,,
2005-06-03,,,,,,
2005-06-06,,,,,,
2005-06-07,,,,,,
2005-06-08,,,,,,
2005-06-09,,,,,,
2005-06-10,,,,,,
2005-06-13,,,,,,
2005-06-14,,,,,,
2005-06-15,,,,,,
2005-06-16,,,,,,
2005-06-17,,,,,,
2005-06-20,,,,,,
2005-06-21,,,,,,
2005-06-22,,,,,,
2005-06-23,,,,,,
2005-06-24,,,,,,
2005-06-27,,,,,,
2005-06-28,,,,,,
2005-06-29,,,,,,
2005-06-30,,,,,,
2005-07-01,,,,,,
2005-07-05,,,,,,
2005-07-06,,,,,,
2005-07-07,,,,,,
2005-07-08,,,,,,
2005-07-11,,,,,,
2005-07-12,,,,,,
2005-07-13,,,,,,
2005-07-14,,,,,,
2005-07-15,,,,,,
2005-07-18,,,,,,
2005-07-19,,,,,,
2005-07-20,,,,,,
2005-07-21,,,,,,
2005-07-22,,,,,,
2005-07-25,,,,,,
2005-07-26,,,,,,
2005-07-27,,,,,,
2005-07-28,,,,,,
2005-07-29,,,,,,
2005-08-01,,,,,,
2005-08-02,,,,,,
2005-08-03,,,,,,
2005-08-04,,,,,,
2005-08-05,,,,,,
2005-08-08,,,,,,
2005-08-09,,,,,,
2005-08-10,,,,,,
2005-08-11,,,,,,
2005-08-12,,,,,,
2005-08-15,,,,,,
2005-08-16,,,,,,
2005-08-17,,,,,,
2005-08-18,,,,,,
2005-08-19,,,,,,
2005-08-22,,,,,,
2005-08-23,,,,,,
2005-08-24,,,,,,
2005-08-25,,,,,,
2005-08-26,,,,,,
2005-08-29,,,,,,
2005-08-30,,,,,,
2005-08-31,,,,,,
2005-09-01,,,,,,
2005-09-02,,,,,,
2005-09-06,,,,,,
2005-09-07,,,,,,
2005-09-08,,,,,,
2005-09-09,,,,,,
2005-09-12,,,,,,
2005-09-13,,,,,,
2005-09-14,,,,,,
2005-09-15,,,,,,
2005-09-16,,,,,,
2005-09-19,,,,,,
2005-09-20,,,,,,
2005-09-21,,,,,,
2005-09-22,,,,,,
2005-09-23,,,,,,
2005-09-26,,,,,,
2005-09-27,,,,,,
2005-09-28,,,,,,
2005-09-29,,,,,,
2005-09-30,,,,,,
2005-10-03,,,,,,
2005-10-04,,,,,,
2005-10-05,,,,,,
2005-10-06,,,,,,
2005-10-07,,,,,,
2005-10-10,,,,,,
2005-10-11,,,,,,
2005-10-12,,,,,,
2005-10-13,,,,,,
2005-10-14,,,,,,
2005-10-17,,,,,,
2005-10-18,,,,,,
2005-10-19,,,,,,
2005-10-20,,,,,,
2005-10-21,,,,,,
2005-10-24,,,,,,
2005-10-25,,,,,,
2005-10-26,,,,,,
2005-10-27,,,,,,
2005-10-28,,,,,,
2005-10-31,,,,,,
2005-11-01,,,,,,
2005-11-02,,,,,,
2005-11-03,,,,,,
2005-11-04,,,,,,
2005-11-07,,,,,,
2005-11-08,,,,,,
2005-11-09,,,,,,
2005-11-10,,,,,,
2005-11-11,,,,,,
2005-11-14,,,,,,
2005-11-15,,,,,,
2005-11-16,,,,,,
2005-11-17,,,,,,
2005-11-18,,,,,,
2005-11-21,,,,,,
2005-11-22,,,,,,
2005-11-23,,,,,,
2005-11-25,,,,,,
2005-11-28,,,,,,
2005-11-29,,,,,,
2005-11-30,,,,,,
2005-12-01,,,,,,
2005-12-02,,,,,,
2005-12-05,,,,,,
2005-12-06,,,,,,
2005-12-07,,,,,,
2005-12-08,,,,,,
2005-12-09,,,,,,
2005-12-12,,,,,,
2005-12-13,,,,,,
2005-12-14,,,,,,
2005-12-15,,,,,,
2005-12-16,,,,,,
2005-12-19,,,,,,
2005-12-20,,,,,,
2005-12-21,,,,,,
2005-12-22,,,,,,
2005-12-23,,,,,,
2005-12-27,,,,,,
2005-12-28,,,,,,
2005-12-29,,,,,,
2005-12-30,,,,,,
2006-01-03,,,,,,
2006-01-04,,,,,,
2006-01-05,,,,,,
2006-01-06,,,,,,
2006-01-09,,,,,,
2006-01-10,,,,,,
2006-01-11,,,,,,
2006-01-12,,,,,,
2006-01-13,,,,,,
2006-01-17,,,,,,
2006-01-18,,,,,,
2006-01-19,,,,,,
2006-01-20,,,,,,
2006-01-23,,,,,,
2006-01-24,,,,,,
2006-01-25,,,,,,
2006-01-26,,,,,,
2006-01-27,,,,,,
2006-01-30,,,,,,
2006-01-31,,,,,,
2006-02-01,,,,,,
2006-02-02,,,,,,
2006-02-03,,,,,,
2006-02-06,,,,,,
2006-02-07,,,,,,
2006-02-08,,,,,,
2006-02-09,,,,,,
2006-02-10,,,,,,
2006-02-13,,,,,,
2006-02-14,,,,,,
2006-02-15,,,,,,
2006-02-16,,,,,,
2006-02-17,,,,,,
2006-02-21,,,,,,
2006-02-22,,,,,,
2006-02-23,,,,,,
2006-02-24,,,,,,
2006-02-27,,,,,,
2006-02-28,,,,,,
2006-03-01,,,,,,
2006-03-02,,,,,,
2006-03-03,,,,,,
2006-03-06,,,,,,
2006-03-07,,,,,,
2006-03-08,,,,,,
2006-03-09,,,,,,
2006-03-10,,,,,,
2006-03-13,,,,,,
2006-03-14,,,,,,
2006-03-15,,,,,,
2006-03-16,,,,,,
2006-03-17,,,,,,
2006-03-20,,,,,,
2006-03-21,,,,,,
2006-03-22,,,,,,
2006-03-23,,,,,,
2006-03-24,,,,,,
2006-03-27,,,,,,
2006-03-28,,,,,,
2006-03-29,,,,,,
2006-03-30,,,,,,
2006-03-31,,,,,,
2006-04-03,,,,,,
2006-04-04,,,,,,
2006-04-05,,,,,,
2006-04-06,,,,,,
2006-04-07,,,,,,
2006-04-10,,,,,,
2006-04-11,,,,,,
2006-04-12,,,,,,
2006-04-13,,,,,,
2006-04-17,,,,,,
2006-04-18,,,,,,
2006-04-19,,,,,,
2006-04-20,,,,,,
2006-04-21,,,,,,
2006-04-24,,,,,,
2006-04-25,,,,,,
2006-04-26,,,,,,
2006-04-27,,,,,,
2006-04-28,,,,,,
2006-05-01,,,,,,
2006-05-02,,,,,,
2006-05-03,,,,,,
2006-05-04,,,,,,
2006-05-05,,,,,,
2006-05-08,,,,,,
2006-05-09,,,,,,
2006-05-10,,,,,,
2006-05-11,,,,,,
2006-05-12,,,,,,
2006-05-15,,,,,,
2006-05-16,,,,,,
2006-05-17,,,,,,
2006-05-18,,,,,,
2006-05-19,,,,,,
2006-05-22,,,,,,
2006-05-23,,,,,,
2006-05-24,,,,,,
2006-05-25,,,,,,
2006-05-26,,,,,,
2006-05-30,,,,,,
2006-05-31,,,,,,
2006-06-01,,,,,,
2006-06-02,,,,,,
2006-06-05,,,,,,
2006-06-06,,,,,,
2006-06-07,,,,,,
2006-06-08,,,,,,
2006-06-09,,,,,,
2006-06-12,,,,,,
2006-06-13,,,,,,
2006-06-14,,,,,,
2006-06-15,,,,,,
2006-06-16,,,,,,
2006-06-19,,,,,,
2006-06-20,,,,,,
2006-06-21,,,,,,
2006-06-22,,,,,,
2006-06-23,,,,,,
2006-06-26,,,,,,
2006-06-27,,,,,,
2006-06-28,,,,,,
2006-06-29,,,,,,
2006-06-30,,,,,,
2006-07-03,,,,,,
2006-07-05,,,,,,
2006-07-06,,,,,,
2006-07-07,,,,,,
2006-07-10,,,,,,
2006-07-11,,,,,,
2006-07-12,,,,,,
2006-07-13,,,,,,
2006-07-14,,,,,,
2006-07-17,,,,,,
2006-07-18,,,,,,
2006-07-19,,,,,,
2006-07-20,,,,,,
2006-07-21,,,,,,
2006-07-24,,,,,,
2006-07-25,,,,,,
2006-07-26,,,,,,
2006-07-27,,,,,,
2006-07-28,,,,,,
2006-07-31,,,,,,
2006-08-01,,,,,,
2006-08-02,,,,,,
2006-08-03,,,,,,
2006-08-04,,,,,,
2006-08-07,,,,,,
2006-08-08,,,,,,
2006-08-09,,,,,,
2006-08-10,,,,,,
2006-08-11,,,,,,
2006-08-14,,,,,,
2006-08-15,,,,,,
2006-08-16,,,,,,
2006-08-17,,,,,,
2006-08-18,,,,,,
2006-08-21,,,,,,
2006-08-22,,,,,,
2006-08-23,,,,,,
2006-08-24,,,,,,
2006-08-25,,,,,,
2006-08-28,,,,,,
2006-08-29,,,,,,
2006-08-30,,,,,,
2006-08-31,,,,,,
2006-09-01,,,,,,
2006-09-05,,,,,,
2006-09-06,,,,,,
2006-09-07,,,,,,
2006-09-08,,,,,,
2006-09-11,,,,,,
2006-09-12,,,,,,
2006-09-13,,,,,,
2006-09-14,,,,,,
2006-09-15,,,,,,
2006-09-18,,,,,,
2006-09-19,,,,,,
2006-09-20,,,,,,
2006-09-21,,,,,,
2006-09-22,,,,,,
2006-09-25,,,,,,
2006-09-26,,,,,,
2006-09-27,,,,,,
2006-09-28,,,,,,
2006-09-29,,,,,,
2006-10-02,,,,,,
2006-10-03,,,,,,
2006-10-04,,,,,,
2006-10-05,,,,,,
2006-10-06,,,,,,
2006-10-09,,,,,,
2006-10-10,,,,,,
2006-10-11,,,,,,
2006-10-12,,,,,,
2006-10-13,,,,,,
2006-10-16,,,,,,
2006-10-17,,,,,,
2006-10-18,,,,,,
2006-10-19,,,,,,
2006-10-20,,,,,,
2006-10-23,,,,,,
2006-10-24,,,,,,
2006-10-25,,,,,,
2006-10-26,,,,,,
2006-10-27,,,,,,
2006-10-30,,,,,,
2006-10-31,,,,,,
2006-11-01,,,,,,
2006-11-02,,,,,,
2006-11-03,,,,,,
2006-11-06,,,,,,
2006-11-07,,,,,,
2006-11-08,,,,,,
2006-11-09,,,,,,
2006-11-10,,,,,,
2006-11-13,,,,,,
2006-11-14,,,,,,
2006-11-15,,,,,,
2006-11-16,,,,,,
2006-11-17,,,,,,
2006-11-20,,,,,,
2006-11-21,,,,,,
2006-11-22,,,,,,
2006-11-24,,,,,,
2006-11-27,,,,,,
2006-11-28,,,,,,
2006-11-29,,,,,,
2006-11-30,,,,,,
2006-12-01,,,,,,
2006-12-04,,,,,,
2006-12-05,,,,,,
2006-12-06,,,,,,
2006-12-07,,,,,,
2006-12-08,,,,,,
2006-12-11,,,,,,
2006-12-12,,,,,,
2006-12-13,,,,,,
2006-12-14,,,,,,
2006-12-15,,,,,,
2006-12-18,,,,,,
2006-12-19,,,,,,
2006-12-20,,,,,,
2006-12-21,,,,,,
2006-12-22,,,,,,
2006-12-26,,,,,,
2006-12-27,,,,,,
2006-12-28,,,,,,
2006-12-29,,,,,,
2007-01-03,,,,,,
2007-01-04,,,,,,
2007-01-05,,,,,,
2007-01-08,,,,,,
2007-01-09,,,,,,
2007-01-10,,,,,,
2007-01-11,,,,,,
2007-01-12,,,,,,
2007-01-16,,,,,,
2007-01-17,,,,,,
2007-01-18,,,,,,
2007-01-19,,,,,,
2007-01-22,,,,,,
2007-01-23,,,,,,
2007-01-24,,,,,,
2007-01-25,,,,,,
2007-01-26,,,,,,
2007-01-29,,,,,,
2007-01-30,,,,,,
2007-01-31,,,,,,
2007-02-01,,,,,,
2007-02-02,,,,,,
2007-02-05,,,,,,
2007-02-06,,,,,,
2007-02-07,,,,,,
2007-02-08,,,,,,
2007-02-09,,,,,,
2007-02-12,,,,,,
2007-02-13,,,,,,
2007-02-14,,,,,,
2007-02-15,,,,,,
2007-02-16,,,,,,
2007-02-20,,,,,,
2007-02-21,,,,,,
2007-02-22,,,,,,
2007-02-23,,,,,,
2007-02-26,,,,,,
2007-02-27,,,,,,
2007-02-28,,,,,,
2007-03-01,,,,,,
2007-03-02,,,,,,
2007-03-05,,,,,,
2007-03-06,,,,,,
2007-03-07,,,,,,
2007-03-08,,,,,,
2007-03-09,,,,,,
2007-03-12,,,,,,
2007-03-13,,,,,,
2007-03-14,,,,,,
2007-03-15,,,,,,
2007-03-16,,,,,,
2007-03-19,,,,,,
2007-03-20,,,,,,
2007-03-21,,,,,,
2007-03-22,,,,,,
2007-03-23,,,,,,
2007-03-26,,,,,,
2007-03-27,,,,,,
2007-03-28,,,,,,
2007-03-29,,,,,,
2007-03-30,,,,,,
2007-04-02,,,,,,
2007-04-03,,,,,,
2007-04-04,,,,,,
2007-04-05,,,,,,
2007-04-09,,,,,,
2007-04-10,,,,,,
2007-04-11,,,,,,
2007-04-12,,,,,,
2007-04-13,,,,,,
2007-04-16,,,,,,
2007-04-17,,,,,,
2007-04-18,,,,,,
2007-04-19,,,,,,
2007-04-20,,,,,,
2007-04-23,,,,,,
2007-04-24,,,,,,
2007-04-25,,,,,,
2007-04-26,,,,,,
2007-04-27,,,,,,
2007-04-30,,,,,,
2007-05-01,,,,,,
2007-05-02,,,,,,
2007-05-03,,,,,,
2007-05-04,,,,,,
2007-05-07,,,,,,
2007-05-08,,,,,,
2007-05-09,,,,,,
2007-05-10,,,,,,
2007-05-11,,,,,,
2007-05-14,,,,,,
2007-05-15,,,,,,
2007-05-16,,,,,,
2007-05-17,,,,,,
2007-05-18,,,,,,
2007-05-21,,,,,,
2007-05-22,,,,,,
2007-05-23,,,,,,
2007-05-24,,,,,,
2007-05-25,,,,,,
2007-05-29,,,,,,
2007-05-30,,,,,,
2007-05-31,,,,,,
2007-06-01,,,,,,
2007-06-04,,,,,,
2007-06-05,,,,,,
2007-06-06,,,,,,
2007-06-07,,,,,,
2007-06-08,,,,,,
2007-06-11,,,,,,
2007-06-12,,,,,,
2007-06-13,,,,,,
2007-06-14,,,,,,
2007-06-15,,,,,,
2007-06-18,,,,,,
2007-06-19,,,,,,
2007-06-20,,,,,,
2007-06-21,,,,,,
2007-06-22,,,,,,
2007-06-25,,,,,,
2007-06-26,,,,,,
2007-06-27,,,,,,
2007-06-28,,,,,,
2007-06-29,,,,,,
2007-07-02,,,,,,
2007-07-03,,,,,,
2007-07-05,,,,,,
2007-07-06,,,,,,
2007-07-09,,,,,,
2007-07-10,,,,,,
2007-07-11,,,,,,
2007-07-12,,,,,,
2007-07-13,,,,,,
2007-07-16,,,,,,
2007-07-17,,,,,,
2007-07-18,,,,,,
2007-07-19,,,,,,
2007-07-20,,,,,,
2007-07-23,,,,,,
2007-07-24,,,,,,
2007-07-25,,,,,,
2007-07-26,,,,,,
2007-07-27,,,,,,
2007-07-30,,,,,,
2007-07-31,,,,,,
2007-08-01,,,,,,
2007-08-02,,,,,,
2007-08-03,,,,,,
2007-08-06,,,,,,
2007-08-07,,,,,,
2007-08-08,,,,,,
2007-08-09,,,,,,
2007-08-10,,,,,,
2007-08-13,,,,,,
2007-08-14,,,,,,
2007-08-15,,,,,,
2007-08-16,,,,,,
2007-08-17,,,,,,
2007-08-20,,,,,,
2007-08-21,,,,,,
2007-08-22,,,,,,
2007-08-23,,,,,,
2007-08-24,,,,,,
2007-08-27,,,,,,
2007-08-28,,,,,,
2007-08-29,,,,,,
2007-08-30,,,,,,
2007-08-31,,,,,,
2007-09-04,,,,,,
2007-09-05,,,,,,
2007-09-06,,,,,,
2007-09-07,,,,,,
2007-09-10,,,,,,
2007-09-11,,,,,,
2007-09-12,,,,,,
2007-09-13,,,,,,
2007-09-14,,,,,,
2007-09-17,,,,,,
2007-09-18,,,,,,
2007-09-19,,,,,,
2007-09-20,,,,,,
2007-09-21,,,,,,
2007-09-24,,,,,,
2007-09-25,,,,,,
2007-09-26,,,,,,
2007-09-27,,,,,,
2007-09-28,,,,,,
2007-10-01,,,,,,
2007-10-02,,,,,,
2007-10-03,,,,,,
2007-10-04,,,,,,
2007-10-05,,,,,,
2007-10-08,,,,,,
2007-10-09,,,,,,
2007-10-10,,,,,,
2007-10-11,,,,,,
2007-10-12,,,,,,
2007-10-15,,,,,,
2007-10-16,,,,,,
2007-10-17,,,,,,
2007-10-18,,,,,,
2007-10-19,,,,,,
2007-10-22,,,,,,
2007-10-23,,,,,,
2007-10-24,,,,,,
2007-10-25,,,,,,
2007-10-26,,,,,,
2007-10-29,,,,,,
2007-10-30,,,,,,
2007-10-31,,,,,,
2007-11-01,,,,,,
2007-11-02,,,,,,
2007-11-05,,,,,,
2007-11-06,,,,,,
2007-11-07,,,,,,
2007-11-08,,,,,,
2007-11-09,,,,,,
2007-11-12,,,,,,
2007-11-13,,,,,,
2007-11-14,,,,,,
2007-11-15,,,,,,
2007-11-16,,,,,,
2007-11-19,,,,,,
2007-11-20,,,,,,
2007-11-21,,,,,,
2007-11-23,,,,,,
2007-11-26,,,,,,
2007-11-27,,,,,,
2007-11-28,,,,,,
2007-11-29,,,,,,
2007-11-30,,,,,,
2007-12-03,,,,,,
2007-12-04,,,,,,
2007-12-05,,,,,,
2007-12-06,,,,,,
2007-12-07,,,,,,
2007-12-10,,,,,,
2007-12-11,,,,,,
2007-12-12,,,,,,
2007-12-13,,,,,,
2007-12-14,,,,,,
2007-12-17,,,,,,
2007-12-18,,,,,,
2007-12-19,,,,,,
2007-12-20,,,,,,
2007-12-21,,,,,,
2007-12-24,,,,,,
2007-12-26,,,,,,
2007-12-27,,,,,,
2007-12-28,,,,,,
2007-12-31,,,,,,
2008-01-02,,,,,,
2008-01-03,,,,,,
2008-01-04,,,,,,
2008-01-07,,,,,,
2008-01-08,,,,,,
2008-01-09,,,,,,
2008-01-10,,,,,,
2008-01-11,,,,,,
2008-01-14,,,,,,
2008-01-15,,,,,,
2008-01-16,,,,,,
2008-01-17,,,,,,
2008-01-18,,,,,,
2008-01-22,,,,,,
2008-01-23,,,,,,
2008-01-24,,,,,,
2008-01-25,,,,,,
2008-01-28,,,,,,
2008-01-29,,,,,,
2008-01-30,,,,,,
2008-01-31,,,,,,
2008-02-01,,,,,,
2008-02-04,,,,,,
2008-02-05,,,,,,
2008-02-06,,,,,,
2008-02-07,,,,,,
2008-02-08,,,,,,
2008-02-11,,,,,,
2008-02-12,,,,,,
2008-02-13,,,,,,
2008-02-14,,,,,,
2008-02-15,,,,,,
2008-02-19,,,,,,
2008-02-20,,,,,,
2008-02-21,,,,,,
2008-02-22,,,,,,
2008-02-25,,,,,,
2008-02-26,,,,,,
2008-02-27,,,,,,
2008-02-28,,,,,,
2008-02-29,,,,,,
2008-03-03,,,,,,
2008-03-04,,,,,,
2008-03-05,,,,,,
2008-03-06,,,,,,
2008-03-07,,,,,,
2008-03-10,,,,,,
2008-03-11,,,,,,
2008-03-12,,,,,,
2008-03-13,,,,,,
2008-03-14,,,,,,
2008-03-17,,,,,,
2008-03-18,,,,,,
2008-03-19,,,,,,
2008-03-20,,,,,,
2008-03-24,,,,,,
2008-03-25,,,,,,
2008-03-26,,,,,,
2008-03-27,,,,,,
2008-03-28,,,,,,
2008-03-31,,,,,,
2008-04-01,,,,,,
2008-04-02,,,,,,
2008-04-03,,,,,,
2008-04-04,,,,,,
2008-04-07,,,,,,
2008-04-08,,,,,,
2008-04-09,,,,,,
2008-04-10,,,,,,
2008-04-11,,,,,,
2008-04-14,,,,,,
2008-04-15,,,,,,
2008-04-16,,,,,,
2008-04-17,,,,,,
2008-04-18,,,,,,
2008-04-21,,,,,,
2008-04-22,,,,,,
2008-04-23,,,,,,
2008-04-24,,,,,,
2008-04-25,,,,,,
2008-04-28,,,,,,
2008-04-29,,,,,,
2008-04-30,,,,,,
2008-05-01,,,,,,
2008-05-02,,,,,,
2008-05-05,,,,,,
2008-05-06,,,,,,
2008-05-07,,,,,,
2008-05-08,,,,,,
2008-05-09,,,,,,
2008-05-12,,,,,,
2008-05-13,,,,,,
2008-05-14,,,,,,
2008-05-15,,,,,,
2008-05-16,,,,,,
2008-05-19,,,,,,
2008-05-20,,,,,,
2008-05-21,,,,,,
2008-05-22,,,,,,
2008-05-23,,,,,,
2008-05-27,,,,,,
2008-05-28,,,,,,
2008-05-29,,,,,,
2008-05-30,,,,,,
2008-06-02,,,,,,
2008-06-03,,,,,,
2008-06-04,,,,,,
2008-06-05,,,,,,
2008-06-06,,,,,,
2008-06-09,,,,,,
2008-06-10,,,,,,
2008-06-11,,,,,,
2008-06-12,,,,,,
2008-06-13,,,,,,
2008-06-16,,,,,,
2008-06-17,,,,,,
2008-06-18,,,,,,
2008-06-19,,,,,,
2008-06-20,,,,,,
2008-06-23,,,,,,
2008-06-24,,,,,,
2008-06-25,,,,,,
2008-06-26,,,,,,
2008-06-27,,,,,,
2008-06-30,,,,,,
2008-07-01,,,,,,
2008-07-02,,,,,,
2008-07-03,,,,,,
2008-07-07,,,,,,
2008-07-08,,,,,,
2008-07-09,,,,,,
2008-07-10,,,,,,
2008-07-11,,,,,,
2008-07-14,,,,,,
2008-07-15,,,,,,
2008-07-16,,,,,,
2008-07-17,,,,,,
2008-07-18,,,,,,
2008-07-21,,,,,,
2008-07-22,,,,,,
2008-07-23,,,,,,
2008-07-24,,,,,,
2008-07-25,,,,,,
2008-07-28,,,,,,
2008-07-29,,,,,,
2008-07-30,,,,,,
2008-07-31,,,,,,
2008-08-01,,,,,,
2008-08-04,,,,,,
2008-08-05,,,,,,
2008-08-06,,,,,,
2008-08-07,,,,,,
2008-08-08,,,,,,
2008-08-11,,,,,,
2008-08-12,,,,,,
2008-08-13,,,,,,
2008-08-14,,,,,,
2008-08-15,,,,,,
2008-08-18,,,,,,
2008-08-19,,,,,,
2008-08-20,,,,,,
2008-08-21,,,,,,
2008-08-22,,,,,,
2008-08-25,,,,,,
2008-08-26,,,,,,
2008-08-27,,,,,,
2008-08-28,,,,,,
2008-08-29,,,,,,
2008-09-02,,,,,,
2008-09-03,,,,,,
2008-09-04,,,,,,
2008-09-05,,,,,,
2008-09-08,,,,,,
2008-09-09,,,,,,
2008-09-10,,,,,,
2008-09-11,,,,,,
2008-09-12,,,,,,
2008-09-15,,,,,,
2008-09-16,,,,,,
2008-09-17,,,,,,
2008-09-18,,,,,,
2008-09-19,,,,,,
2008-09-22,,,,,,
2008-09-23,,,,,,
2008-09-24,,,,,,
2008-09-25,,,,,,
2008-09-26,,,,,,
2008-09-29,,,,,,
2008-09-30,,,,,,
2008-10-01,,,,,,
2008-10-02,,,,,,
2008-10-03,,,,,,
2008-10-06,,,,,,
2008-10-07,,,,,,
2008-10-08,,,,,,
2008-10-09,,,,,,
2008-10-10,,,,,,
2008-10-13,,,,,,
2008-10-14,,,,,,
2008-10-15,,,,,,
2008-10-16,,,,,,
2008-10-17,,,,,,
2008-10-20,,,,,,
2008-10-21,,,,,,
2008-10-22,,,,,,
2008-10-23,,,,,,
2008-10-24,,,,,,
2008-10-27,,,,,,
2008-10-28,,,,,,
2008-10-29,,,,,,
2008-10-30,,,,,,
2008-10-31,,,,,,
2008-11-03,,,,,,
2008-11-04,,,,,,
2008-11-05,,,,,,
2008-11-06,,,,,,
2008-11-07,,,,,,
2008-11-10,,,,,,
2008-11-11,,,,,,
2008-11-12,,,,,,
2008-11-13,,,,,,
2008-11-14,,,,,,
2008-11-17,,,,,,
2008-11-18,,,,,,
2008-11-19,,,,,,
2008-11-20,,,,,,
2008-11-21,,,,,,
2008-11-24,,,,,,
2008-11-25,,,,,,
2008-11-26,,,,,,
2008-11-28,,,,,,
2008-12-01,,,,,,
2008-12-02,,,,,,
2008-12-03,,,,,,
2008-12-04,,,,,,
2008-12-05,,,,,,
2008-12-08,,,,,,
2008-12-09,,,,,,
2008-12-10,,,,,,
2008-12-11,,,,,,
2008-12-12,,,,,,
2008-12-15,,,,,,
2008-12-16,,,,,,
2008-12-17,,,,,,
2008-12-18,,,,,,
2008-12-19,,,,,,
2008-12-22,,,,,,
2008-12-23,,,,,,
2008-12-24,,,,,,
2008-12-26,,,,,,
2008-12-29,,,,,,
2008-12-30,,,,,,
2008-12-31,,,,,,
2009-01-02,,,,,,
2009-01-05,,,,,,
2009-01-06,,,,,,
2009-01-07,,,,,,
2009-01-08,,,,,,
2009-01-09,,,,,,
2009-01-12,,,,,,
2009-01-13,,,,,,
2009-01-14,,,,,,
2009-01-15,,,,,,
2009-01-16,,,,,,
2009-01-20,,,,,,
2009-01-21,,,,,,
2009-01-22,,,,,,
2009-01-23,,,,,,
2009-01-26,,,,,,
2009-01-27,,,,,,
2009-01-28,,,,,,
2009-01-29,,,,,,
2009-01-30,,,,,,
2009-02-02,,,,,,
2009-02-03,,,,,,
2009-02-04,,,,,,
2009-02-05,,,,,,
2009-02-06,,,,,,
2009-02-09,,,,,,
2009-02-10,,,,,,
2009-02-11,,,,,,
2009-02-12,,,,,,
2009-02-13,,,,,,
2009-02-17,,,,,,
2009-02-18,,,,,,
2009-02-19,,,,,,
2009-02-20,,,,,,
2009-02-23,,,,,,
2009-02-24,,,,,,
2009-02-25,,,,,,
2009-02-26,,,,,,
2009-02-27,,,,,,
2009-03-02,,,,,,
2009-03-03,,,,,,
2009-03-04,,,,,,
2009-03-05,,,,,,
2009-03-06,,,,,,
2009-03-09,,,,,,
2009-03-10,,,,,,
2009-03-11,,,,,,
2009-03-12,,,,,,
2009-03-13,,,,,,
2009-03-16,,,,,,
2009-03-17,,,,,,
2009-03-18,,,,,,
2009-03-19,,,,,,
2009-03-20,,,,,,
2009-03-23,,,,,,
2009-03-24,,,,,,
2009-03-25,,,,,,
2009-03-26,,,,,,
2009-03-27,,,,,,
2009-03-30,,,,,,
2009-03-31,,,,,,
2009-04-01,,,,,,
2009-04-02,,,,,,
2009-04-03,,,,,,
2009-04-06,,,,,,
2009-04-07,,,,,,
2009-04-08,,,,,,
2009-04-09,,,,,,
2009-04-13,,,,,,
2009-04-14,,,,,,
2009-04-15,,,,,,
2009-04-16,,,,,,
2009-04-17,,,,,,
2009-04-20,,,,,,
2009-04-21,,,,,,
2009-04-22,,,,,,
2009-04-23,,,,,,
2009-04-24,,,,,,
2009-04-27,,,,,,
2009-04-28,,,,,,
2009-04-29,,,,,,
2009-04-30,,,,,,
2009-05-01,,,,,,
2009-05-04,,,,,,
2009-05-05,,,,,,
2009-05-06,,,,,,
2009-05-07,,,,,,
2009-05-08,,,,,,
2009-05-11,,,,,,
2009-05-12,,,,,,
2009-05-13,,,,,,
2009-05-14,,,,,,
2009-05-15,,,,,,
2009-05-18,,,,,,
2009-05-19,,,,,,
2009-05-20,,,,,,
2009-05-21,,,,,,
2009-05-22,,,,,,
2009-05-26,,,,,,
2009-05-27,,,,,,
2009-05-28,,,,,,
2009-05-29,,,,,,
2009-06-01,,,,,,
2009-06-02,,,,,,
2009-06-03,,,,,,
2009-06-04,,,,,,
2009-06-05,,,,,,
2009-06-08,,,,,,
2009-06-09,,,,,,
2009-06-10,,,,,,
2009-06-11,,,,,,
2009-06-12,,,,,,
2009-06-15,,,,,,
2009-06-16,,,,,,
2009-06-17,,,,,,
2009-06-18,,,,,,
2009-06-19,,,,,,
2009-06-22,,,,,,
2009-06-23,,,,,,
2009-06-24,,,,,,
2009-06-25,,,,,,
2009-06-26,,,,,,
2009-06-29,,,,,,
2009-06-30,,,,,,
2009-07-01,,,,,,
2009-07-02,,,,,,
2009-07-06,,,,,,
2009-07-07,,,,,,
2009-07-08,,,,,,
2009-07-09,,,,,,
2009-07-10,,,,,,
2009-07-13,,,,,,
2009-07-14,,,,,,
2009-07-15,,,,,,
2009-07-16,,,,,,
2009-07-17,,,,,,
2009-07-20,,,,,,
2009-07-21,,,,,,
2009-07-22,,,,,,
2009-07-23,,,,,,
2009-07-24,,,,,,
2009-07-27,,,,,,
2009-07-28,,,,,,
2009-07-29,,,,,,
2009-07-30,,,,,,
2009-07-31,,,,,,
2009-08-03,,,,,,
2009-08-04,,,,,,
2009-08-05,,,,,,
2009-08-06,,,,,,
2009-08-07,,,,,,
2009-08-10,,,,,,
2009-08-11,,,,,,
2009-08-12,,,,,,
2009-08-13,,,,,,
2009-08-14,,,,,,
2009-08-17,,,,,,
2009-08-18,,,,,,
2009-08-19,,,,,,
2009-08-20,,,,,,
2009-08-21,,,,,,
2009-08-24,,,,,,
2009-08-25,,,,,,
2009-08-26,,,,,,
2009-08-27,,,,,,
2009-08-28,,,,,,
2009-08-31,,,,,,
2009-09-01,,,,,,
2009-09-02,,,,,,
2009-09-03,,,,,,
2009-09-04,,,,,,
2009-09-08,,,,,,
2009-09-09,,,,,,
2009-09-10,,,,,,
2009-09-11,,,,,,
2009-09-14,,,,,,
2009-09-15,,,,,,
2009-09-16,,,,,,
2009-09-17,,,,,,
2009-09-18,,,,,,
2009-09-21,,,,,,
2009-09-22,,,,,,
2009-09-23,,,,,,
2009-09-24,,,,,,
2009-09-25,,,,,,
2009-09-28,,,,,,
2009-09-29,,,,,,
2009-09-30,,,,,,
2009-10-01,,,,,,
2009-10-02,,,,,,
2009-10-05,,,,,,
2009-10-06,,,,,,
2009-10-07,,,,,,
2009-10-08,,,,,,
2009-10-09,,,,,,
2009-10-12,,,,,,
2009-10-13,,,,,,
2009-10-14,,,,,,
2009-10-15,,,,,,
2009-10-16,,,,,,
2009-10-19,,,,,,
2009-10-20,,,,,,
2009-10-21,,,,,,
2009-10-22,,,,,,
2009-10-23,,,,,,
2009-10-26,,,,,,
2009-10-27,,,,,,
2009-10-28,,,,,,
2009-10-29,,,,,,
2009-10-30,,,,,,
2009-11-02,,,,,,
2009-11-03,,,,,,
2009-11-04,,,,,,
2009-11-05,,,,,,
2009-11-06,,,,,,
2009-11-09,,,,,,
2009-11-10,,,,,,
2009-11-11,,,,,,
2009-11-12,,,,,,
2009-11-13,,,,,,
2009-11-16,,,,,,
2009-11-17,,,,,,
2009-11-18,,,,,,
2009-11-19,,,,,,
2009-11-20,,,,,,
2009-11-23,,,,,,
2009-11-24,,,,,,
2009-11-25,,,,,,
2009-11-27,,,,,,
2009-11-30,,,,,,
2009-12-01,,,,,,
2009-12-02,,,,,,
2009-12-03,,,,,,
2009-12-04,,,,,,
2009-12-07,,,,,,
2009-12-08,,,,,,
2009-12-09,,,,,,
2009-12-10,,,,,,
2009-12-11,,,,,,
2009-12-14,,,,,,
2009-12-15,,,,,,
2009-12-16,,,,,,
2009-12-17,,,,,,
2009-12-18,,,,,,
2009-12-21,,,,,,
2009-12-22,,,,,,
2009-12-23,,,,,,
2009-12-24,,,,,,
2009-12-28,,,,,,
2009-12-29,,,,,,
2009-12-30,,,,,,
2009-12-31,,,,,,
2010-01-04,,,,,,
2010-01-05,,,,,,
2010-01-06,,,,,,
2010-01-07,,,,,,
2010-01-08,,,,,,
2010-01-11,,,,,,
2010-01-12,,,,,,
2010-01-13,,,,,,
2010-01-14,,,,,,
2010-01-15,,,,,,
2010-01-19,,,,,,
2010-01-20,,,,,,
2010-01-21,,,,,,
2010-01-22,,,,,,
2010-01-25,,,,,,
2010-01-26,,,,,,
2010-01-27,,,,,,
2010-01-28,,,,,,
2010-01-29,,,,,,
2010-02-01,,,,,,
2010-02-02,,,,,,
2010-02-03,,,,,,
2010-02-04,,,,,,
2010-02-05,,,,,,
2010-02-08,,,,,,
2010-02-09,,,,,,
2010-02-10,,,,,,
2010-02-11,,,,,,
2010-02-12,,,,,,
2010-02-16,,,,,,
2010-02-17,,,,,,
2010-02-18,,,,,,
2010-02-19,,,,,,
2010-02-22,,,,,,
2010-02-23,,,,,,
2010-02-24,,,,,,
2010-02-25,,,,,,
2010-02-26,,,,,,
2010-03-01,,,,,,
2010-03-02,,,,,,
2010-03-03,,,,,,
2010-03-04,,,,,,
2010-03-05,,,,,,
2010-03-08,,,,,,
2010-03-09,,,,,,
2010-03-10,,,,,,
2010-03-11,,,,,,
2010-03-12,,,,,,
2010-03-15,,,,,,
2010-03-16,,,,,,
2010-03-17,,,,,,
2010-03-18,,,,,,
2010-03-19,,,,,,
2010-03-22,,,,,,
2010-03-23,,,,,,
2010-03-24,,,,,,
2010-03-25,,,,,,
2010-03-26,,,,,,
2010-03-29,,,,,,
2010-03-30,,,,,,
2010-03-31,,,,,,
2010-04-01,,,,,,
2010-04-05,,,,,,
2010-04-06,,,,,,
2010-04-07,,,,,,
2010-04-08,,,,,,
2010-04-09,,,,,,
2010-04-12,,,,,,
2010-04-13,,,,,,
2010-04-14,,,,,,
2010-04-15,,,,,,
2010-04-16,,,,,,
2010-04-19,,,,,,
2010-04-20,,,,,,
2010-04-21,,,,,,
2010-04-22,,,,,,
2010-04-23,,,,,,
2010-04-26,,,,,,
2010-04-27,,,,,,
2010-04-28,,,,,,
2010-04-29,,,,,,
2010-04-30,,,,,,
2010-05-03,,,,,,
2010-05-04,,,,,,
2010-05-05,,,,,,
2010-05-06,,,,,,
2010-05-07,,,,,,
2010-05-10,,,,,,
2010-05-11,,,,,,
2010-05-12,,,,,,
2010-05-13,,,,,,
2010-05-14,,,,,,
2010-05-17,,,,,,
2010-05-18,,,,,,
2010-05-19,,,,,,
2010-05-20,,,,,,
2010-05-21,,,,,,
2010-05-24,,,,,,
2010-05-25,,,,,,
2010-05-26,,,,,,
2010-05-27,,,,,,
2010-05-28,,,,,,
2010-06-01,,,,,,
2010-06-02,,,,,,
2010-06-03,,,,,,
2010-06-04,,,,,,
2010-06-07,,,,,,
2010-06-08,,,,,,
2010-06-09,,,,,,
2010-06-10,,,,,,
2010-06-11,,,,,,
2010-06-14,,,,,,
2010-06-15,,,,,,
2010-06-16,,,,,,
2010-06-17,,,,,,
2010-06-18,,,,,,
2010-06-21,,,,,,
2010-06-22,,,,,,
2010-06-23,,,,,,
2010-06-24,,,,,,
2010-06-25,,,,,,
2010-06-28,,,,,,
2010-06-29,,,,,,
2010-06-30,,,,,,
2010-07-01,,,,,,
2010-07-02,,,,,,
2010-07-06,,,,,,
2010-07-07,,,,,,
2010-07-08,,,,,,
2010-07-09,,,,,,
2010-07-12,,,,,,
2010-07-13,,,,,,
2010-07-14,,,,,,
2010-07-15,,,,,,
2010-07-16,,,,,,
2010-07-19,,,,,,
2010-07-20,,,,,,
2010-07-21,,,,,,
2010-07-22,,,,,,
2010-07-23,,,,,,
2010-07-26,,,,,,
2010-07-27,,,,,,
2010-07-28,,,,,,
2010-07-29,,,,,,
2010-07-30,,,,,,
2010-08-02,,,,,,
2010-08-03,,,,,,
2010-08-04,,,,,,
2010-08-05,,,,,,
2010-08-06,,,,,,
2010-08-09,,,,,,
2010-08-10,,,,,,
2010-08-11,,,,,,
2010-08-12,,,,,,
2010-08-13,,,,,,
2010-08-16,,,,,,
2010-08-17,,,,,,
2010-08-18,,,,,,
2010-08-19,,,,,,
2010-08-20,,,,,,
2010-08-23,,,,,,
2010-08-24,,,,,,
2010-08-25,,,,,,
2010-08-26,,,,,,
2010-08-27,,,,,,
2010-08-30,,,,,,
2010-08-31,,,,,,
2010-09-01,,,,,,
2010-09-02,,,,,,
2010-09-03,,,,,,
2010-09-07,,,,,,
2010-09-08,,,,,,
2010-09-09,,,,,,
2010-09-10,,,,,,
2010-09-13,,,,,,
2010-09-14,,,,,,
2010-09-15,,,,,,
2010-09-16,,,,,,
2010-09-17,,,,,,
2010-09-20,,,,,,
2010-09-21,,,,,,
2010-09-22,,,,,,
2010-09-23,,,,,,
2010-09-24,,,,,,
2010-09-27,,,,,,
2010-09-28,,,,,,
2010-09-29,,,,,,
2010-09-30,,,,,,
2010-10-01,,,,,,
2010-10-04,,,,,,
2010-10-05,,,,,,
2010-10-06,,,,,,
2010-10-07,,,,,,
2010-10-08,,,,,,
2010-10-11,,,,,,
2010-10-12,,,,,,
2010-10-13,,,,,,
2010-10-14,,,,,,
2010-10-15,,,,,,
2010-10-18,,,,,,
2010-10-19,,,,,,
2010-10-20,,,,,,
2010-10-21,,,,,,
2010-10-22,,,,,,
2010-10-25,,,,,,
2010-10-26,,,,,,
2010-10-27,,,,,,
2010-10-28,,,,,,
2010-10-29,,,,,,
2010-11-01,,,,,,
2010-11-02,,,,,,
2010-11-03,,,,,,
2010-11-04,,,,,,
2010-11-05,,,,,,
2010-11-08,,,,,,
2010-11-09,,,,,,
2010-11-10,,,,,,
2010-11-11,,,,,,
2010-11-12,,,,,,
2010-11-15,,,,,,
2010-11-16,,,,,,
2010-11-17,,,,,,
2010-11-18,,,,,,
2010-11-19,,,,,,
2010-11-22,,,,,,
2010-11-23,,,,,,
2010-11-24,,,,,,
2010-11-26,,,,,,
2010-11-29,,,,,,
2010-11-30,,,,,,
2010-12-01,,,,,,
2010-12-02,,,,,,
2010-12-03,,,,,,
2010-12-06,,,,,,
2010-12-07,,,,,,
2010-12-08,,,,,,
2010-12-09,,,,,,
2010-12-10,,,,,,
2010-12-13,,,,,,
2010-12-14,,,,,,
2010-12-15,,,,,,
2010-12-16,,,,,,
2010-12-17,,,,,,
2010-12-20,,,,,,
2010-12-21,,,,,,
2010-12-22,,,,,,
2010-12-23,,,,,,
2010-12-27,,,,,,
2010-12-28,,,,,,
2010-12-29,,,,,,
2010-12-30,,,,,,
2010-12-31,,,,,,
2011-01-03,,,,,,
2011-01-04,,,,,,
2011-01-05,,,,,,
2011-01-06,,,,,,
2011-01-07,,,,,,
2011-01-10,,,,,,
2011-01-11,,,,,,
2011-01-12,,,,,,
2011-01-13,,,,,,
2011-01-14,,,,,,
2011-01-18,,,,,,
2011-01-19,,,,,,
2011-01-20,,,,,,
2011-01-21,,,,,,
2011-01-24,,,,,,
2011-01-25,,,,,,
2011-01-26,,,,,,
2011-01-27,,,,,,
2011-01-28,,,,,,
2011-01-31,,,,,,
2011-02-01,,,,,,
2011-02-02,,,,,,
2011-02-03,,,,,,
2011-02-04,,,,,,
2011-02-07,,,,,,
2011-02-08,,,,,,
2011-02-09,,,,,,
2011-02-10,,,,,,
2011-02-11,,,,,,
2011-02-14,,,,,,
2011-02-15,,,,,,
2011-02-16,,,,,,
2011-02-17,,,,,,
2011-02-18,,,,,,
2011-02-22,,,,,,
2011-02-23,,,,,,
2011-02-24,,,,,,
2011-02-25,,,,,,
2011-02-28,,,,,,
2011-03-01,,,,,,
2011-03-02,,,,,,
2011-03-03,,,,,,
2011-03-04,,,,,,
2011-03-07,,,,,,
2011-03-08,,,,,,
2011-03-09,,,,,,
2011-03-10,,,,,,
2011-03-11,,,,,,
2011-03-14,,,,,,
2011-03-15,,,,,,
2011-03-16,,,,,,
2011-03-17,,,,,,
2011-03-18,,,,,,
2011-03-21,,,,,,
2011-03-22,,,,,,
2011-03-23,,,,,,
2011-03-24,,,,,,
2011-03-25,,,,,,
2011-03-28,,,,,,
2011-03-29,,,,,,
2011-03-30,,,,,,
2011-03-31,,,,,,
2011-04-01,,,,,,
2011-04-04,,,,,,
2011-04-05,,,,,,
2011-04-06,,,,,,
2011-04-07,,,,,,
2011-04-08,,,,,,
2011-04-11,,,,,,
2011-04-12,,,,,,
2011-04-13,,,,,,
2011-04-14,,,,,,
2011-04-15,,,,,,
2011-04-18,,,,,,
2011-04-19,,,,,,
2011-04-20,,,,,,
2011-04-21,,,,,,
2011-04-25,,,,,,
2011-04-26,,,,,,
2011-04-27,,,,,,
2011-04-28,,,,,,
2011-04-29,,,,,,
2011-05-02,,,,,,
2011-05-03,,,,,,
2011-05-04,,,,,,
2011-05-05,,,,,,
2011-05-06,,,,,,
2011-05-09,,,,,,
2011-05-10,,,,,,
2011-05-11,,,,,,
2011-05-12,,,,,,
2011-05-13,,,,,,
2011-05-16,,,,,,
2011-05-17,,,,,,
2011-05-18,,,,,,
2011-05-19,,,,,,
2011-05-20,,,,,,
2011-05-23,,,,,,
2011-05-24,,,,,,
2011-05-25,,,,,,
2011-05-26,,,,,,
2011-05-27,,,,,,
2011-05-31,,,,,,
2011-06-01,,,,,,
2011-06-02,,,,,,
2011-06-03,,,,,,
2011-06-06,,,,,,
2011-06-07,,,,,,
2011-06-08,,,,,,
2011-06-09,,,,,,
2011-06-10,,,,,,
2011-06-13,,,,,,
2011-06-14,,,,,,
2011-06-15,,,,,,
2011-06-16,,,,,,
2011-06-17,,,,,,
2011-06-20,,,,,,
2011-06-21,,,,,,
2011-06-22,,,,,,
2011-06-23,,,,,,
2011-06-24,,,,,,
2011-06-27,,,,,,
2011-06-28,,,,,,
2011-06-29,,,,,,
2011-06-30,,,,,,
2011-07-01,,,,,,
2011-07-05,,,,,,
2011-07-06,,,,,,
2011-07-07,,,,,,
2011-07-08,,,,,,
2011-07-11,,,,,,
2011-07-12,,,,,,
2011-07-13,,,,,,
2011-07-14,,,,,,
2011-07-15,,,,,,
2011-07-18,,,,,,
2011-07-19,,,,,,
2011-07-20,,,,,,
2011-07-21,,,,,,
2011-07-22,,,,,,
2011-07-25,,,,,,
2011-07-26,,,,,,
2011-07-27,,,,,,
2011-07-28,,,,,,
2011-07-29,,,,,,
2011-08-01,,,,,,
2011-08-02,,,,,,
2011-08-03,,,,,,
2011-08-04,,,,,,
2011-08-05,,,,,,
2011-08-08,,,,,,
2011-08-09,,,,,,
2011-08-10,,,,,,
2011-08-11,,,,,,
2011-08-12,,,,,,
2011-08-15,,,,,,
2011-08-16,,,,,,
2011-08-17,,,,,,
2011-08-18,,,,,,
2011-08-19,,,,,,
2011-08-22,,,,,,
2011-08-23,,,,,,
2011-08-24,,,,,,
2011-08-25,,,,,,
2011-08-26,,,,,,
2011-08-29,,,,,,
2011-08-30,,,,,,
2011-08-31,,,,,,
2011-09-01,,,,,,
2011-09-02,,,,,,
2011-09-06,,,,,,
2011-09-07,,,,,,
2011-09-08,,,,,,
2011-09-09,,,,,,
2011-09-12,,,,,,
2011-09-13,,,,,,
2011-09-14,,,,,,
2011-09-15,,,,,,
2011-09-16,,,,,,
2011-09-19,,,,,,
2011-09-20,,,,,,
2011-09-21,,,,,,
2011-09-22,,,,,,
2011-09-23,,,,,,
2011-09-26,,,,,,
2011-09-27,,,,,,
2011-09-28,,,,,,
2011-09-29,,,,,,
2011-09-30,,,,,,
2011-10-03,,,,,,
2011-10-04,,,,,,
2011-10-05,,,,,,
2011-10-06,,,,,,
2011-10-07,,,,,,
2011-10-10,,,,,,
2011-10-11,,,,,,
2011-10-12,,,,,,
2011-10-13,,,,,,
2011-10-14,,,,,,
2011-10-17,,,,,,
2011-10-18,,,,,,
2011-10-19,,,,,,
2011-10-20,,,,,,
2011-10-21,,,,,,
2011-10-24,,,,,,
2011-10-25,,,,,,
2011-10-26,,,,,,
2011-10-27,,,,,,
2011-10-28,,,,,,
2011-10-31,,,,,,
2011-11-01,,,,,,
2011-11-02,,,,,,
2011-11-03,,,,,,
2011-11-04,,,,,,
2011-11-07,,,,,,
2011-11-08,,,,,,
2011-11-09,,,,,,
2011-11-10,,,,,,
2011-11-11,,,,,,
2011-11-14,,,,,,
2011-11-15,,,,,,
2011-11-16,,,,,,
2011-11-17,,,,,,
2011-11-18,,,,,,
2011-11-21,,,,,,
2011-11-22,,,,,,
2011-11-23,,,,,,
2011-11-25,,,,,,
2011-11-28,,,,,,
2011-11-29,,,,,,
2011-11-30,,,,,,
2011-12-01,,,,,,
2011-12-02,,,,,,
2011-12-05,,,,,,
2011-12-06,,,,,,
2011-12-07,,,,,,
2011-12-08,,,,,,
2011-12-09,,,,,,
2011-12-12,,,,,,
2011-12-13,,,,,,
2011-12-14,,,,,,
2011-12-15,,,,,,
2011-12-16,,,,,,
2011-12-19,,,,,,
2011-12-20,,,,,,
2011-12-21,,,,,,
2011-12-22,,,,,,
2011-12-23,,,,,,
2011-12-27,,,,,,
2011-12-28,,,,,,
2011-12-29,,,,,,
2011-12-30,,,,,,
2012-01-03,,,,,,
2012-01-04,,,,,,
2012-01-05,,,,,,
2012-01-06,,,,,,
2012-01-09,,,,,,
2012-01-10,,,,,,
2012-01-11,,,,,,
2012-01-12,,,,,,
2012-01-13,,,,,,
2012-01-17,,,,,,
2012-01-18,,,,,,
2012-01-19,,,,,,
2012-01-20,,,,,,
2012-01-23,,,,,,
2012-01-24,,,,,,
2012-01-25,,,,,,
2012-01-26,,,,,,
2012-01-27,,,,,,
2012-01-30,,,,,,
2012-01-31,,,,,,
2012-02-01,,,,,,
2012-02-02,,,,,,
2012-02-03,,,,,,
2012-02-06,,,,,,
2012-02-07,,,,,,
2012-02-08,,,,,,
2012-02-09,,,,,,
2012-02-10,,,,,,
2012-02-13,,,,,,
2012-02-14,,,,,,
2012-02-15,,,,,,
2012-02-16,,,,,,
2012-02-17,,,,,,
2012-02-21,,,,,,
2012-02-22,,,,,,
2012-02-23,,,,,,
2012-02-24,,,,,,
2012-02-27,,,,,,
2012-02-28,,,,,,
2012-02-29,,,,,,
2012-03-01,,,,,,
2012-03-02,,,,,,
2012-03-05,,,,,,
2012-03-06,,,,,,
2012-03-07,,,,,,
2012-03-08,,,,,,
2012-03-09,,,,,,
2012-03-12,,,,,,
2012-03-13,,,,,,
2012-03-14,,,,,,
2012-03-15,,,,,,
2012-03-16,,,,,,
2012-03-19,,,,,,
2012-03-20,,,,,,
2012-03-21,,,,,,
2012-03-22,,,,,,
2012-03-23,,,,,,
2012-03-26,,,,,,
2012-03-27,,,,,,
2012-03-28,,,,,,
2012-03-29,,,,,,
2012-03-30,,,,,,
2012-04-02,,,,,,
2012-04-03,,,,,,
2012-04-04,,,,,,
2012-04-05,,,,,,
2012-04-09,,,,,,
2012-04-10,,,,,,
2012-04-11,,,,,,
2012-04-12,,,,,,
2012-04-13,,,,,,
2012-04-16,,,,,,
2012-04-17,,,,,,
2012-04-18,,,,,,
2012-04-19,,,,,,
2012-04-20,,,,,,
2012-04-23,,,,,,
2012-04-24,,,,,,
2012-04-25,,,,,,
2012-04-26,,,,,,
2012-04-27,,,,,,
2012-04-30,,,,,,
2012-05-01,,,,,,
2012-05-02,,,,,,
2012-05-03,,,,,,
2012-05-04,,,,,,
2012-05-07,,,,,,
2012-05-08,,,,,,
2012-05-09,,,,,,
2012-05-10,,,,,,
2012-05-11,,,,,,
2012-05-14,,,,,,
2012-05-15,,,,,,
2012-05-16,,,,,,
2012-05-17,,,,,,
2012-05-18,,,,,,
2012-05-21,,,,,,
2012-05-22,,,,,,
2012-05-23,,,,,,
2012-05-24,,,,,,
2012-05-25,,,,,,
2012-05-29,,,,,,
2012-05-30,,,,,,
2012-05-31,,,,,,
2012-06-01,,,,,,
2012-06-04,,,,,,
2012-06-05,,,,,,
2012-06-06,,,,,,
2012-06-07,,,,,,
2012-06-08,,,,,,
2012-06-11,,,,,,
2012-06-12,,,,,,
2012-06-13,,,,,,
2012-06-14,,,,,,
2012-06-15,,,,,,
2012-06-18,,,,,,
2012-06-19,,,,,,
2012-06-20,,,,,,
2012-06-21,,,,,,
2012-06-22,,,,,,
2012-06-25,,,,,,
2012-06-26,,,,,,
2012-06-27,,,,,,
2012-06-28,,,,,,
2012-06-29,,,,,,
2012-07-02,,,,,,
2012-07-03,,,,,,
2012-07-05,,,,,,
2012-07-06,,,,,,
2012-07-09,,,,,,
2012-07-10,,,,,,
2012-07-11,,,,,,
2012-07-12,,,,,,
2012-07-13,,,,,,
2012-07-16,,,,,,
2012-07-17,,,,,,
2012-07-18,,,,,,
2012-07-19,,,,,,
2012-07-20,,,,,,
2012-07-23,,,,,,
2012-07-24,,,,,,
2012-07-25,,,,,,
2012-07-26,,,,,,
2012-07-27,,,,,,
2012-07-30,,,,,,
2012-07-31,,,,,,
2012-08-01,,,,,,
2012-08-02,,,,,,
2012-08-03,,,,,,
2012-08-06,,,,,,
2012-08-07,,,,,,
2012-08-08,,,,,,
2012-08-09,,,,,,
2012-08-10,,,,,,
2012-08-13,,,,,,
2012-08-14,,,,,,
2012-08-15,,,,,,
2012-08-16,,,,,,
2012-08-17,,,,,,
2012-08-20,,,,,,
2012-08-21,,,,,,
2012-08-22,,,,,,
2012-08-23,,,,,,
2012-08-24,,,,,,
2012-08-27,,,,,,
2012-08-28,,,,,,
2012-08-29,,,,,,
2012-08-30,,,,,,
2012-08-31,,,,,,
2012-09-04,,,,,,
2012-09-05,,,,,,
2012-09-06,,,,,,
2012-09-07,,,,,,
2012-09-10,,,,,,
2012-09-11,,,,,,
2012-09-12,,,,,,
2012-09-13,,,,,,
2012-09-14,,,,,,
2012-09-17,,,,,,
2012-09-18,,,,,,
2012-09-19,,,,,,
2012-09-20,,,,,,
2012-09-21,,,,,,
2012-09-24,,,,,,
2012-09-25,,,,,,
2012-09-26,,,,,,
2012-09-27,,,,,,
2012-09-28,,,,,,
2012-10-01,,,,,,
2012-10-02,,,,,,
2012-10-03,,,,,,
2012-10-04,,,,,,
2012-10-05,,,,,,
2012-10-08,,,,,,
2012-10-09,,,,,,
2012-10-10,,,,,,
2012-10-11,,,,,,
2012-10-12,,,,,,
2012-10-15,,,,,,
2012-10-16,,,,,,
2012-10-17,,,,,,
2012-10-18,,,,,,
2012-10-19,,,,,,
2012-10-22,,,,,,
2012-10-23,,,,,,
2012-10-24,,,,,,
2012-10-25,,,,,,
2012-10-26,,,,,,
2012-10-31,,,,,,
2012-11-01,,,,,,
2012-11-02,,,,,,
2012-11-05,,,,,,
2012-11-06,,,,,,
2012-11-07,,,,,,
2012-11-08,,,,,,
2012-11-09,,,,,,
2012-11-12,,,,,,
2012-11-13,,,,,,
2012-11-14,,,,,,
2012-11-15,,,,,,
2012-11-16,,,,,,
2012-11-19,,,,,,
2012-11-20,,,,,,
2012-11-21,,,,,,
2012-11-23,,,,,,
2012-11-26,,,,,,
2012-11-27,,,,,,
2012-11-28,,,,,,
2012-11-29,,,,,,
2012-11-30,,,,,,
2012-12-03,,,,,,
2012-12-04,,,,,,
2012-12-05,,,,,,
2012-12-06,,,,,,
2012-12-07,,,,,,
2012-12-10,,,,,,
2012-12-11,,,,,,
2012-12-12,,,,,,
2012-12-13,,,,,,
2012-12-14,,,,,,
2012-12-17,,,,,,
2012-12-18,,,,,,
2012-12-19,,,,,,
2012-12-20,,,,,,
2012-12-21,,,,,,
2012-12-24,,,,,,
2012-12-26,,,,,,
2012-12-27,,,,,,
2012-12-28,,,,,,
2012-12-31,,,,,,
2013-01-02,,,,,,
2013-01-03,,,,,,
2013-01-04,,,,,,
2013-01-07,,,,,,
2013-01-08,,,,,,
2013-01-09,,,,,,
2013-01-10,,,,,,
2013-01-11,,,,,,
2013-01-14,,,,,,
2013-01-15,,,,,,
2013-01-16,,,,,,
2013-01-17,,,,,,
2013-01-18,,,,,,
2013-01-22,,,,,,
2013-01-23,,,,,,
2013-01-24,,,,,,
2013-01-25,,,,,,
2013-01-28,,,,,,
2013-01-29,,,,,,
2013-01-30,,,,,,
2013-01-31,,,,,,
2013-02-01,,,,,,
2013-02-04,,,,,,
2013-02-05,,,,,,
2013-02-06,,,,,,
2013-02-07,,,,,,
2013-02-08,,,,,,
2013-02-11,,,,,,
2013-02-12,,,,,,
2013-02-13,,,,,,
2013-02-14,,,,,,
2013-02-15,,,,,,
2013-02-19,,,,,,
2013-02-20,,,,,,
2013-02-21,,,,,,
2013-02-22,,,,,,
2013-02-25,,,,,,
2013-02-26,,,,,,
2013-02-27,,,,,,
2013-02-28,,,,,,
2013-03-01,,,,,,
2013-03-04,,,,,,
2013-03-05,,,,,,
2013-03-06,,,,,,
2013-03-07,,,,,,
2013-03-08,,,,,,
2013-03-11,,,,,,
2013-03-12,,,,,,
2013-03-13,,,,,,
2013-03-14,,,,,,
2013-03-15,,,,,,
2013-03-18,,,,,,
2013-03-19,,,,,,
2013-03-20,,,,,,
2013-03-21,,,,,,
2013-03-22,,,,,,
2013-03-25,,,,,,
2013-03-26,,,,,,
2013-03-27,,,,,,
2013-03-28,,,,,,
2013-04-01,,,,,,
2013-04-02,,,,,,
2013-04-03,,,,,,
2013-04-04,,,,,,
2013-04-05,,,,,,
2013-04-08,,,,,,
2013-04-09,,,,,,
2013-04-10,,,,,,
2013-04-11,,,,,,
2013-04-12,,,,,,
2013-04-15,,,,,,
2013-04-16,,,,,,
2013-04-17,,,,,,
2013-04-18,,,,,,
2013-04-19,,,,,,
2013-04-22,,,,,,
2013-04-23,,,,,,
2013-04-24,,,,,,
2013-04-25,,,,,,
2013-04-26,,,,,,
2013-04-29,,,,,,
2013-04-30,,,,,,
2013-05-01,,,,,,
2013-05-02,,,,,,
2013-05-03,,,,,,
2013-05-06,,,,,,
2013-05-07,,,,,,
2013-05-08,,,,,,
2013-05-09,,,,,,
2013-05-10,,,,,,
2013-05-13,,,,,,
2013-05-14,,,,,,
2013-05-15,,,,,,
2013-05-16,,,,,,
2013-05-17,,,,,,
2013-05-20,,,,,,
2013-05-21,,,,,,
2013-05-22,,,,,,
2013-05-23,,,,,,
2013-05-24,,,,,,
2013-05-28,,,,,,
2013-05-29,,,,,,
2013-05-30,,,,,,
2013-05-31,,,,,,
2013-06-03,,,,,,
2013-06-04,,,,,,
2013-06-05,,,,,,
2013-06-06,,,,,,
2013-06-07,,,,,,
2013-06-10,,,,,,
2013-06-11,,,,,,
2013-06-12,,,,,,
2013-06-13,,,,,,
2013-06-14,,,,,,
2013-06-17,,,,,,
2013-06-18,,,,,,
2013-06-19,,,,,,
2013-06-20,,,,,,
2013-06-21,,,,,,
2013-06-24,,,,,,
2013-06-25,,,,,,
2013-06-26,,,,,,
2013-06-27,,,,,,
2013-06-28,,,,,,
2013-07-01,,,,,,
2013-07-02,,,,,,
2013-07-03,,,,,,
2013-07-05,,,,,,
2013-07-08,,,,,,
2013-07-09,,,,,,
2013-07-10,,,,,,
2013-07-11,,,,,,
2013-07-12,,,,,,
2013-07-15,,,,,,
2013-07-16,,,,,,
2013-07-17,,,,,,
2013-07-18,,,,,,
2013-07-19,,,,,,
2013-07-22,,,,,,
2013-07-23,,,,,,
2013-07-24,,,,,,
2013-07-25,,,,,,
2013-07-26,,,,,,
2013-07-29,,,,,,
2013-07-30,,,,,,
2013-07-31,,,,,,
2013-08-01,,,,,,
2013-08-02,,,,,,
2013-08-05,,,,,,
2013-08-06,,,,,,
2013-08-07,,,,,,
2013-08-08,,,,,,
2013-08-09,,,,,,
2013-08-12,,,,,,
2013-08-13,,,,,,
2013-08-14,,,,,,
2013-08-15,,,,,,
2013-08-16,,,,,,
2013-08-19,,,,,,
2013-08-20,,,,,,
2013-08-21,,,,,,
2013-08-22,,,,,,
2013-08-23,,,,,,
2013-08-26,,,,,,
2013-08-27,,,,,,
2013-08-28,,,,,,
2013-08-29,,,,,,
2013-08-30,,,,,,
2013-09-03,,,,,,
2013-09-04,,,,,,
2013-09-05,,,,,,
2013-09-06,,,,,,
2013-09-09,,,,,,
2013-09-10,,,,,,
2013-09-11,,,,,,
2013-09-12,,,,,,
2013-09-13,,,,,,
2013-09-16,,,,,,
2013-09-17,,,,,,
2013-09-18,,,,,,
2013-09-19,,,,,,
2013-09-20,,,,,,
2013-09-23,,,,,,
2013-09-24,,,,,,
2013-09-25,,,,,,
2013-09-26,,,,,,
2013-09-27,,,,,,
2013-09-30,,,,,,
2013-10-01,,,,,,
2013-10-02,,,,,,
2013-10-03,,,,,,
2013-10-04,,,,,,
2013-10-07,,,,,,
2013-10-08,,,,,,
2013-10-09,,,,,,
2013-10-10,,,,,,
2013-10-11,,,,,,
2013-10-14,,,,,,
2013-10-15,,,,,,
2013-10-16,,,,,,
2013-10-17,,,,,,
2013-10-18,,,,,,
2013-10-21,,,,,,
2013-10-22,,,,,,
2013-10-23,,,,,,
2013-10-24,,,,,,
2013-10-25,,,,,,
2013-10-28,,,,,,
2013-10-29,,,,,,
2013-10-30,,,,,,
2013-10-31,,,,,,
2013-11-01,,,,,,
2013-11-04,,,,,,
2013-11-05,,,,,,
2013-11-06,,,,,,
2013-11-07,,,,,,
2013-11-08,,,,,,
2013-11-11,,,,,,
2013-11-12,,,,,,
2013-11-13,,,,,,
2013-11-14,,,,,,
2013-11-15,,,,,,
2013-11-18,,,,,,
2013-11-19,,,,,,
2013-11-20,,,,,,
2013-11-21,,,,,,
2013-11-22,,,,,,
2013-11-25,,,,,,
2013-11-26,,,,,,
2013-11-27,,,,,,
2013-11-29,,,,,,
2013-12-02,,,,,,
2013-12-03,,,,,,
2013-12-04,,,,,,
2013-12-05,,,,,,
2013-12-06,,,,,,
2013-12-09,,,,,,
2013-12-10,,,,,,
2013-12-11,,,,,,
2013-12-12,,,,,,
2013-12-13,,,,,,
2013-12-16,,,,,,
2013-12-17,,,,,,
2013-12-18,,,,,,
2013-12-19,,,,,,
2013-12-20,,,,,,
2013-12-23,,,,,,
2013-12-24,,,,,,
2013-12-26,,,,,,
2013-12-27,,,,,,
2013-12-30,,,,,,
2013-12-31,,,,,,
2014-01-02,,,,,,
2014-01-03,,,,,,
2014-01-06,,,,,,
2014-01-07,,,,,,
2014-01-08,,,,,,
2014-01-09,,,,,,
2014-01-10,,,,,,
2014-01-13,,,,,,
2014-01-14,,,,,,
2014-01-15,,,,,,
2014-01-16,,,,,,
2014-01-17,,,,,,
2014-01-21,,,,,,
2014-01-22,,,,,,
2014-01-23,,,,,,
2014-01-24,,,,,,
2014-01-27,,,,,,
2014-01-28,,,,,,
2014-01-29,,,,,,
2014-01-30,,,,,,
2014-01-31,,,,,,
2014-02-03,,,,,,
2014-02-04,,,,,,
2014-02-05,,,,,,
2014-02-06,,,,,,
2014-02-07,,,,,,
2014-02-10,,,,,,
2014-02-11,,,,,,
2014-02-12,,,,,,
2014-02-13,,,,,,
2014-02-14,,,,,,
2014-02-18,,,,,,
2014-02-19,,,,,,
2014-02-20,,,,,,
2014-02-21,,,,,,
2014-02-24,,,,,,
2014-02-25,,,,,,
2014-02-26,,,,,,
2014-02-27,,,,,,
2014-02-28,,,,,,
2014-03-03,,,,,,
2014-03-04,,,,,,
2014-03-05,,,,,,
2014-03-06,,,,,,
2014-03-07,,,,,,
2014-03-10,,,,,,
2014-03-11,,,,,,
2014-03-12,,,,,,
2014-03-13,,,,,,
2014-03-14,,,,,,
2014-03-17,,,,,,
2014-03-18,,,,,,
2014-03-19,,,,,,
2014-03-20,,,,,,
2014-03-21,,,,,,
2014-03-24,,,,,,
2014-03-25,,,,,,
2014-03-26,,,,,,
2014-03-27,,,,,,
2014-03-28,,,,,,
2014-03-31,,,,,,
2014-04-01,,,,,,
2014-04-02,,,,,,
2014-04-03,,,,,,
2014-04-04,,,,,,
2014-04-07,,,,,,
2014-04-08,,,,,,
2014-04-09,,,,,,
2014-04-10,,,,,,
2014-04-11,,,,,,
2014-04-14,,,,,,
2014-04-15,,,,,,
2014-04-16,,,,,,
2014-04-17,,,,,,
2014-04-21,,,,,,
2014-04-22,,,,,,
2014-04-23,,,,,,
2014-04-24,,,,,,
2014-04-25,,,,,,
2014-04-28,,,,,,
2014-04-29,,,,,,
2014-04-30,,,,,,
2014-05-01,,,,,,
2014-05-02,,,,,,
2014-05-05,,,,,,
2014-05-06,,,,,,
2014-05-07,,,,,,
2014-05-08,,,,,,
2014-05-09,,,,,,
2014-05-12,,,,,,
2014-05-13,,,,,,
2014-05-14,,,,,,
2014-05-15,,,,,,
2014-05-16,,,,,,
2014-05-19,,,,,,
2014-05-20,,,,,,
2014-05-21,,,,,,
2014-05-22,,,,,,
2014-05-23,,,,,,
2014-05-27,,,,,,
2014-05-28,,,,,,
2014-05-29,,,,,,
2014-05-30,,,,,,
2014-06-02,,,,,,
2014-06-03,,,,,,
2014-06-04,,,,,,
2014-06-05,,,,,,
2014-06-06,,,,,,
2014-06-09,,,,,,
2014-06-10,,,,,,
2014-06-11,,,,,,
2014-06-12,,,,,,
2014-06-13,,,,,,
2014-06-16,,,,,,
2014-06-17,,,,,,
2014-06-18,,,,,,
2014-06-19,,,,,,
2014-06-20,,,,,,
2014-06-23,,,,,,
2014-06-24,,,,,,
2014-06-25,,,,,,
2014-06-26,,,,,,
2014-06-27,,,,,,
2014-06-30,,,,,,
2014-07-01,,,,,,
2014-07-02,,,,,,
2014-07-03,,,,,,
2014-07-07,,,,,,
2014-07-08,,,,,,
2014-07-09,,,,,,
2014-07-10,,,,,,
2014-07-11,,,,,,
2014-07-14,,,,,,
2014-07-15,,,,,,
2014-07-16,,,,,,
2014-07-17,,,,,,
2014-07-18,,,,,,
2014-07-21,,,,,,
2014-07-22,,,,,,
2014-07-23,,,,,,
2014-07-24,,,,,,
2014-07-25,,,,,,
2014-07-28,,,,,,
2014-07-29,,,,,,
2014-07-30,,,,,,
2014-07-31,,,,,,
2014-08-01,,,,,,
2014-08-04,,,,,,
2014-08-05,,,,,,
2014-08-06,,,,,,
2014-08-07,,,,,,
2014-08-08,,,,,,
2014-08-11,,,,,,
2014-08-12,,,,,,
2014-08-13,,,,,,
2014-08-14,,,,,,
2014-08-15,,,,,,
2014-08-18,,,,,,
2014-08-19,,,,,,
2014-08-20,,,,,,
2014-08-21,,,,,,
2014-08-22,,,,,,
2014-08-25,,,,,,
2014-08-26,,,,,,
2014-08-27,,,,,,
2014-08-28,,,,,,
2014-08-29,,,,,,
2014-09-02,,,,,,
2014-09-03,,,,,,
2014-09-04,,,,,,
2014-09-05,,,,,,
2014-09-08,,,,,,
2014-09-09,,,,,,
2014-09-10,,,,,,
2014-09-11,,,,,,
2014-09-12,,,,,,
2014-09-15,,,,,,
2014-09-16,,,,,,
2014-09-17,,,,,,
2014-09-18,,,,,,
2014-09-19,,,,,,
2014-09-22,,,,,,
2014-09-23,,,,,,
2014-09-24,,,,,,
2014-09-25,,,,,,
2014-09-26,,,,,,
2014-09-29,,,,,,
2014-09-30,,,,,,
2014-10-01,,,,,,
2014-10-02,,,,,,
2014-10-03,,,,,,
2014-10-06,,,,,,
2014-10-07,,,,,,
2014-10-08,,,,,,
2014-10-09,,,,,,
2014-10-10,,,,,,
2014-10-13,,,,,,
2014-10-14,,,,,,
2014-10-15,,,,,,
2014-10-16,,,,,,
2014-10-17,,,,,,
2014-10-20,,,,,,
2014-10-21,,,,,,
2014-10-22,,,,,,
2014-10-23,,,,,,
2014-10-24,,,,,,
2014-10-27,,,,,,
2014-10-28,,,,,,
2014-10-29,,,,,,
2014-10-30,,,,,,
2014-10-31,,,,,,
2014-11-03,,,,,,
2014-11-04,,,,,,
2014-11-05,,,,,,
2014-11-06,,,,,,
2014-11-07,,,,,,
2014-11-10,,,,,,
2014-11-11,,,,,,
2014-11-12,,,,,,
2014-11-13,,,,,,
2014-11-14,,,,,,
2014-11-17,,,,,,
2014-11-18,,,,,,
2014-11-19,,,,,,
2014-11-20,,,,,,
2014-11-21,,,,,,
2014-11-24,,,,,,
2014-11-25,,,,,,
2014-11-26,,,,,,
2014-11-28,,,,,,
2014-12-01,,,,,,
2014-12-02,,,,,,
2014-12-03,,,,,,
2014-12-04,,,,,,
2014-12-05,,,,,,
2014-12-08,,,,,,
2014-12-09,,,,,,
2014-12-10,,,,,,
2014-12-11,,,,,,
2014-12-12,,,,,,
2014-12-15,,,,,,
2014-12-16,,,,,,
2014-12-17,,,,,,
2014-12-18,,,,,,
2014-12-19,,,,,,
2014-12-22,,,,,,
2014-12-23,,,,,,
2014-12-24,,,,,,
2014-12-26,,,,,,
2014-12-29,,,,,,
2014-12-30,,,,,,
2014-12-31,,,,,,
2015-01-02,,,,,,
2015-01-05,,,,,,
2015-01-06,,,,,,
2015-01-07,,,,,,
2015-01-08,,,,,,
2015-01-09,,,,,,
2015-01-12,,,,,,
2015-01-13,,,,,,
2015-01-14,,,,,,
2015-01-15,,,,,,
2015-01-16,,,,,,
2015-01-20,,,,,,
2015-01-21,40.62,40.93,39.86,39.9,1490514.0,39.9
2015-01-22,40.24,40.41,39.76,40.34,3099586.0,40.34
2015-01-23,40.36,41.12,40.25,40.75,1240321.0,40.75
2015-01-26,40.65,41.03,40.54,40.86,711597.0,40.86
2015-01-27,40.58,40.81,40.25,40.36,994667.0,40.36
2015-01-28,40.71,40.88,40.14,40.17,1023605.0,40.17
2015-01-29,40.08,40.68,40.07,40.67,906848.0,40.67
2015-01-30,40.5,40.55,39.63,39.84,1352913.0,39.84
2015-02-02,39.85,39.89,38.7,39.67,1132395.0,39.67
2015-02-03,39.71,40.21,39.41,40.2,793765.0,40.2
2015-02-04,40.2,40.84,40.04,40.55,960124.0,40.55
2015-02-05,40.61,41.12,40.5,41.09,1111744.0,41.09
2015-02-06,41.11,41.53,40.79,40.91,1168716.0,40.91
2015-02-09,40.7,40.83,39.48,39.53,1065399.0,39.53
2015-02-10,39.64,39.83,39.34,39.75,1132057.0,39.75
2015-02-11,39.78,39.92,39.31,39.86,697231.0,39.86
2015-02-12,40.04,40.52,39.81,40.47,835885.0,40.47
2015-02-13,40.4,40.4,39.02,39.37,1299146.0,39.37
2015-02-17,39.2,39.45,39.02,39.08,1354472.0,39.08
2015-02-18,39.05,39.64,38.75,39.53,1671839.0,39.53
2015-02-19,39.51,39.51,38.8,38.83,1163143.0,38.83
2015-02-20,38.37,38.37,36.1,36.71,3471505.0,36.71
2015-02-23,36.71,36.81,35.98,36.29,1648466.0,36.29
2015-02-24,36.22,36.63,35.84,36.58,1579344.0,36.58
2015-02-25,36.46,36.69,36.09,36.48,1584398.0,36.48
2015-02-26,36.42,36.88,36.25,36.85,1955891.0,36.85
2015-02-27,36.8,36.85,36.34,36.75,2199024.0,36.75
2015-03-02,36.67,37.55,36.63,37.49,1934521.0,37.49
2015-03-03,37.4,37.5,37.04,37.39,1864223.0,37.39
2015-03-04,36.77,37.13,36.41,36.49,2038739.0,36.49
2015-03-05,36.51,36.68,36.44,36.59,1082300.0,36.59
2015-03-06,36.31,36.6,36.08,36.28,1678081.0,36.28
2015-03-09,36.34,36.59,36.25,36.56,1148414.0,36.56
2015-03-10,36.31,36.39,35.6,36.25,2319579.0,36.25
2015-03-11,36.3,36.3,35.8,35.97,1653631.0,35.97
2015-03-12,36.01,36.77,35.98,36.7,1045092.0,36.7
2015-03-13,36.7,37.08,36.27,36.87,1701981.0,36.87
2015-03-16,37.06,37.7,37.06,37.6,1302046.0,37.6
2015-03-17,37.54,38.12,37.4,37.74,2230460.0,37.74
2015-03-18,37.71,38.74,37.62,38.57,1762350.0,38.57
2015-03-19,38.56,38.76,38.2,38.27,2046058.0,38.27
2015-03-20,38.49,38.91,38.41,38.65,3722738.0,38.65
2015-03-23,38.64,38.72,38.15,38.33,1316080.0,38.33
2015-03-24,38.3,38.3,37.62,37.82,1094499.0,37.82
2015-03-25,37.89,37.89,36.41,36.43,1066793.0,36.43
2015-03-26,36.35,36.6,36.11,36.37,1717460.0,36.37
2015-03-27,36.37,36.76,36.34,36.64,617217.0,36.64
2015-03-30,36.79,36.94,36.55,36.75,756371.0,36.75
2015-03-31,36.8,36.84,36.41,36.48,1008665.0,36.48
2015-04-01,36.5,36.59,35.93,36.29,1509292.0,36.29
2015-04-02,36.3,37.25,36.27,37.15,1153626.0,37.15
2015-04-06,37.1,37.82,37.03,37.75,1265163.0,37.75
2015-04-07,37.78,37.85,36.78,36.79,1211344.0,36.79
2015-04-08,36.89,37.63,36.77,37.57,1582540.0,37.57
2015-04-09,37.49,37.64,37.09,37.37,952981.0,37.37
2015-04-10,37.49,37.91,36.98,37.17,870581.0,37.17
2015-04-13,37.21,37.47,36.89,36.93,771475.0,36.93
2015-04-14,36.9,37.16,36.61,36.88,1004967.0,36.88
2015-04-15,37.08,37.14,36.37,36.41,1223347.0,36.41
2015-04-16,36.36,36.91,36.16,36.88,1022887.0,36.88
2015-04-17,36.58,37.01,36.35,36.88,2022743.0,36.88
2015-04-20,37.12,37.24,36.77,36.79,939395.0,36.79
2015-04-21,36.88,36.97,36.46,36.49,927241.0,36.49
2015-04-22,36.5,36.59,36.18,36.39,905649.0,36.39
2015-04-23,36.38,36.98,36.32,36.5,1704302.0,36.5
2015-04-24,36.5,36.72,36.47,36.52,952489.0,36.52
2015-04-27,36.71,36.8,36.17,36.24,1352181.0,36.24
2015-04-28,38.0,38.49,36.81,37.28,6468103.0,37.28
2015-04-29,37.11,37.11,35.18,35.4,3191576.0,35.4
2015-04-30,35.26,35.6,34.29,34.49,3411022.0,34.49
2015-05-01,34.5,34.91,34.3,34.6,1724369.0,34.6
2015-05-04,34.63,35.02,34.53,34.85,1457887.0,34.85
2015-05-05,34.78,34.86,34.14,34.21,1576866.0,34.21
2015-05-06,34.21,34.44,33.88,34.25,1013469.0,34.25
2015-05-07,34.34,35.11,34.15,34.93,1469348.0,34.93
2015-05-08,35.31,35.85,35.22,35.44,1320490.0,35.44
2015-05-11,35.3,35.77,35.3,35.67,1882468.0,35.67
2015-05-12,35.38,36.03,35.1,35.88,2415406.0,35.88
2015-05-13,35.99,36.48,35.96,36.14,2130280.0,36.14
2015-05-14,36.45,36.6,36.22,36.58,2246566.0,36.58
2015-05-15,36.72,37.0,36.7,36.99,1149197.0,36.99
2015-05-18,36.87,37.29,36.83,37.22,1835809.0,37.22
2015-05-19,37.17,37.65,37.11,37.6,1703580.0,37.6
2015-05-20,37.73,37.73,37.22,37.23,1338983.0,37.23
2015-05-21,37.25,37.29,36.52,36.73,1021255.0,36.73
2015-05-22,36.64,36.81,36.5,36.64,776558.0,36.64
2015-05-26,36.65,36.73,36.31,36.5,1343307.0,36.5
2015-05-27,36.52,37.0,36.45,36.91,1302716.0,36.91
2015-05-28,36.82,37.0,36.46,36.75,1219950.0,36.75
2015-05-29,36.8,36.89,36.26,36.47,4082063.0,36.47
2015-06-01,36.49,37.02,36.46,36.83,1058604.0,36.83
2015-06-02,35.7,35.98,34.54,34.68,4356178.0,34.68
2015-06-03,34.56,34.56,33.96,34.28,2236066.0,34.28
2015-06-04,34.06,34.31,32.77,32.89,2790513.0,32.89
2015-06-05,32.96,32.96,32.32,32.65,2404233.0,32.65
2015-06-08,32.19,32.64,32.01,32.3,2077225.0,32.3
2015-06-09,32.36,32.36,31.76,31.95,2406748.0,31.95
2015-06-10,31.74,31.97,31.38,31.85,1806866.0,31.85
2015-06-11,32.01,32.06,31.64,31.86,1389786.0,31.86
2015-06-12,31.77,32.25,31.65,32.02,2633489.0,32.02
2015-06-15,31.83,31.95,31.44,31.88,2070814.0,31.88
2015-06-16,31.9,31.96,31.56,31.7,1436751.0,31.7
2015-06-17,31.79,32.16,31.62,32.03,1323932.0,32.03
2015-06-18,32.11,32.89,32.03,32.71,2580618.0,32.71
2015-06-19,32.69,32.73,32.38,32.5,1759704.0,32.5
2015-06-22,32.61,32.91,32.48,32.78,2533981.0,32.78
2015-06-23,32.88,32.88,32.5,32.57,1735696.0,32.57
2015-06-24,32.58,32.59,31.6,31.65,1781024.0,31.65
2015-06-25,31.69,31.82,31.44,31.45,1109638.0,31.45
2015-06-26,31.52,32.21,31.47,31.86,3569286.0,31.86
2015-06-29,31.68,32.12,31.0,31.09,2319539.0,31.09
2015-06-30,31.4,31.63,30.95,31.0,2101090.0,31.0
2015-07-01,30.95,31.6,30.89,31.48,2319338.0,31.48
2015-07-02,31.67,32.25,31.13,31.55,1798421.0,31.55
2015-07-06,31.32,31.76,31.17,31.23,1752890.0,31.23
2015-07-07,31.35,31.65,30.71,30.96,2210698.0,30.96
2015-07-08,30.62,30.94,30.42,30.54,1227875.0,30.54
2015-07-09,30.89,31.19,30.65,30.67,995375.0,30.67
2015-07-10,30.97,31.18,30.87,30.92,778315.0,30.92
2015-07-13,31.08,31.38,30.93,31.15,712250.0,31.15
2015-07-14,31.25,31.63,31.06,31.51,1505325.0,31.51
2015-07-15,31.41,31.62,31.28,31.41,2356347.0,31.41
2015-07-16,31.62,31.8,31.45,31.77,910099.0,31.77
2015-07-17,31.75,31.84,31.53,31.73,965880.0,31.73
2015-07-20,31.74,31.79,31.36,31.4,885754.0,31.4
2015-07-21,31.43,31.71,31.3,31.36,1538296.0,31.36
2015-07-22,31.33,31.7,31.23,31.58,1038178.0,31.58
2015-07-23,31.51,31.58,31.12,31.2,1229210.0,31.2
2015-07-24,31.15,31.23,31.0,31.12,1387426.0,31.12
2015-07-27,31.08,31.23,30.64,30.76,1801577.0,30.76
2015-07-28,30.86,30.97,30.67,30.9,975052.0,30.9
2015-07-29,31.0,31.01,30.29,30.66,2259620.0,30.66
2015-07-30,29.21,29.94,28.34,29.91,2305812.0,29.91
2015-07-31,30.09,30.43,29.9,30.05,1266355.0,30.05
2015-08-03,30.09,30.43,30.03,30.23,1052901.0,30.23
2015-08-04,30.16,30.43,29.9,29.97,889766.0,29.97
2015-08-05,30.0,30.22,29.72,29.81,858013.0,29.81
2015-08-06,29.87,29.87,28.99,29.27,1285465.0,29.27
2015-08-07,29.23,29.35,28.95,29.27,803543.0,29.27
2015-08-10,29.51,29.54,28.92,29.07,1221551.0,29.07
2015-08-11,28.93,29.1,28.72,28.91,1896419.0,28.91
2015-08-12,28.76,29.84,28.68,29.75,3226494.0,29.75
2015-08-13,29.71,29.94,29.48,29.52,1134026.0,29.52
2015-08-14,29.53,30.29,29.28,30.19,1268938.0,30.19
2015-08-17,30.11,30.3,29.88,30.29,881005.0,30.29
2015-08-18,30.27,30.41,30.09,30.22,1397833.0,30.22
2015-08-19,30.06,30.18,29.6,30.15,1324040.0,30.15
2015-08-20,29.85,30.62,29.71,30.24,2059262.0,30.24
2015-08-21,30.15,30.24,29.18,29.24,1605124.0,29.24
2015-08-24,28.88,29.06,27.37,27.62,1985744.0,27.62
2015-08-25,28.52,29.83,26.49,26.52,1962018.0,26.52
2015-08-26,27.39,28.47,26.79,27.41,3143901.0,27.41
2015-08-27,27.75,28.35,27.61,28.21,1739302.0,28.21
2015-08-28,28.18,28.56,27.95,28.54,1803071.0,28.54
2015-08-31,28.42,28.62,28.15,28.34,2660383.0,28.34
2015-09-01,27.72,28.11,27.39,27.63,2095922.0,27.63
2015-09-02,27.88,28.13,27.59,28.12,1145008.0,28.12
2015-09-03,28.17,28.7,28.12,28.44,1611821.0,28.44
2015-09-04,27.94,28.22,27.7,28.21,2420341.0,28.21
2015-09-08,28.78,28.88,28.27,28.46,1672592.0,28.46
2015-09-09,28.2,28.37,27.73,28.01,1762593.0,28.01
2015-09-10,28.05,28.26,27.82,28.04,1483201.0,28.04
2015-09-11,27.93,28.4,27.86,28.38,854895.0,28.38
2015-09-14,28.47,28.62,28.05,28.54,1045685.0,28.54
2015-09-15,28.56,28.96,28.52,28.89,970523.0,28.89
2015-09-16,28.83,29.28,28.78,29.19,720645.0,29.19
2015-09-17,29.21,30.01,29.15,29.48,920829.0,29.48
2015-09-18,29.03,30.04,29.03,30.0,4032420.0,30.0
2015-09-21,30.11,30.31,29.71,29.87,2760184.0,29.87
2015-09-22,29.42,29.67,29.33,29.49,1287065.0,29.49
2015-09-23,29.59,29.85,29.42,29.81,978950.0,29.81
2015-09-24,29.71,30.44,29.66,30.31,1886599.0,30.31
2015-09-25,30.46,30.82,30.21,30.55,1416248.0,30.55
2015-09-28,30.26,30.47,29.93,30.17,1352646.0,30.17
2015-09-29,30.2,30.4,29.94,30.36,1514582.0,30.36
2015-09-30,30.69,31.07,30.49,31.02,1285949.0,31.02
2015-10-01,31.07,31.16,30.72,31.16,1570138.0,31.16
2015-10-02,30.82,31.16,30.65,31.16,1890094.0,31.16
2015-10-05,31.33,31.71,31.24,31.71,1411223.0,31.71
2015-10-06,31.71,31.92,31.5,31.75,1003962.0,31.75
2015-10-07,31.82,32.13,31.54,31.83,1689401.0,31.83
2015-10-08,31.76,32.35,31.55,32.3,1359876.0,32.3
2015-10-09,32.07,32.26,31.0,31.28,2596260.0,31.28
2015-10-12,31.31,31.79,31.22,31.78,1440707.0,31.78
2015-10-13,31.75,31.94,31.61,31.68,1162815.0,31.68
2015-10-14,31.71,31.95,31.25,31.39,1628128.0,31.39
2015-10-15,31.46,31.56,30.94,31.25,1561745.0,31.25
2015-10-16,31.32,31.72,31.3,31.6,2108008.0,31.6
2015-10-19,31.55,31.73,31.42,31.68,1413648.0,31.68
2015-10-20,31.71,31.96,31.3,31.41,2256930.0,31.41
2015-10-21,31.5,31.59,31.2,31.34,1810679.0,31.34
2015-10-22,31.49,31.69,31.14,31.28,4311330.0,31.28
2015-10-23,31.34,31.57,30.76,31.06,3638941.0,31.06
2015-10-26,31.1,31.33,30.89,31.16,4202924.0,31.16
2015-10-27,31.09,31.12,30.24,30.25,1891835.0,30.25
2015-10-28,30.35,30.87,30.05,30.62,1985627.0,30.62
2015-10-29,30.43,30.81,30.03,30.3,2747686.0,30.3
2015-10-30,30.4,30.95,29.9,30.64,1926694.0,30.64
2015-11-02,30.66,31.97,30.5,31.81,1786414.0,31.81
2015-11-03,31.69,32.24,31.54,32.08,1365643.0,32.08
2015-11-04,32.1,32.18,31.35,31.41,1171230.0,31.41
2015-11-05,31.41,31.58,31.08,31.44,1068036.0,31.44
2015-11-06,31.24,31.46,30.16,30.29,1987206.0,30.29
2015-11-09,30.22,30.35,29.52,29.96,1463282.0,29.96
2015-11-10,29.9,30.06,29.33,29.59,938017.0,29.59
2015-11-11,29.7,29.8,29.36,29.5,800305.0,29.5
2015-11-12,29.43,29.49,28.99,29.12,1289169.0,29.12
2015-11-13,29.13,29.33,28.58,28.61,880562.0,28.61
2015-11-16,28.58,28.86,28.43,28.8,889449.0,28.8
2015-11-17,28.76,28.91,28.25,28.45,2378956.0,28.45
2015-11-18,28.64,28.92,28.5,28.89,1127377.0,28.89
2015-11-19,28.99,29.17,28.78,28.86,1191225.0,28.86
2015-11-20,28.92,29.2,28.69,28.93,1522978.0,28.93
2015-11-23,28.87,29.19,28.79,28.94,771290.0,28.94
2015-11-24,28.81,28.95,28.43,28.7,978139.0,28.7
2015-11-25,28.85,28.94,28.35,28.41,1238572.0,28.41
2015-11-27,27.93,28.35,27.88,28.06,961122.0,28.06
2015-11-30,28.13,28.26,27.73,27.78,2164991.0,27.78
2015-12-01,27.97,28.16,27.79,28.04,1499812.0,28.04
2015-12-02,28.0,28.15,27.46,27.49,1370559.0,27.49
2015-12-03,27.5,28.25,27.24,27.37,1607997.0,27.37
2015-12-04,27.43,27.93,27.33,27.6,2264392.0,27.6
2015-12-07,27.54,27.67,27.13,27.3,1029505.0,27.3
2015-12-08,27.28,27.29,26.87,26.98,1017770.0,26.98
2015-12-09,26.87,27.38,26.78,27.07,1068993.0,27.07
2015-12-10,27.05,27.5,26.64,26.84,1293805.0,26.84
2015-12-11,26.58,26.84,26.48,26.75,1365519.0,26.75
2015-12-14,26.73,26.9,25.99,26.13,1237344.0,26.13
2015-12-15,26.34,26.83,26.23,26.72,1311856.0,26.72
2015-12-16,26.82,27.56,26.78,27.5,1913143.0,27.5
2015-12-17,27.49,27.67,27.1,27.16,1197500.0,27.16
2015-12-18,27.09,27.14,26.77,26.77,2537821.0,26.77
2015-12-21,26.97,27.25,26.64,26.96,797912.0,26.96
2015-12-22,27.03,27.33,26.9,27.1,1389530.0,27.1
2015-12-23,27.22,27.68,27.05,27.54,1442443.0,27.54
2015-12-24,27.57,27.71,27.27,27.34,623440.0,27.34
2015-12-28,27.29,27.49,27.16,27.41,659677.0,27.41
2015-12-29,27.54,28.34,27.54,28.26,1621463.0,28.26
2015-12-30,27.92,28.07,27.52,27.58,829810.0,27.58
2015-12-31,27.53,27.57,26.99,27.01,744355.0,27.01
2016-01-04,26.8,26.88,26.31,26.84,1080220.0,26.84
2016-01-05,26.91,27.37,26.75,27.33,783041.0,27.33
2016-01-06,27.08,27.26,26.93,27.12,800595.0,27.12
2016-01-07,26.73,26.81,26.11,26.22,824330.0,26.22
2016-01-08,26.38,26.62,25.51,25.62,1659400.0,25.62
2016-01-11,25.71,26.04,25.44,25.91,1159953.0,25.91
2016-01-12,26.07,26.14,25.17,25.37,1076032.0,25.37
2016-01-13,25.41,25.78,25.04,25.06,930493.0,25.06
2016-01-14,25.09,25.39,24.71,25.11,1260359.0,25.11
2016-01-15,24.7,24.99,24.32,24.84,1139026.0,24.84
2016-01-19,25.11,25.15,24.54,24.83,1002991.0,24.83
2016-01-20,24.57,24.84,23.64,24.56,1450338.0,24.56
2016-01-21,24.67,25.34,24.39,24.87,1183369.0,24.87
2016-01-22,25.17,25.7,25.15,25.51,1123378.0,25.51
2016-01-25,25.48,25.49,25.16,25.27,1369703.0,25.27
2016-01-26,25.46,25.82,25.35,25.81,1949050.0,25.81
2016-01-27,25.71,26.21,25.6,25.83,1191159.0,25.83
2016-01-28,26.13,26.38,25.87,26.1,903149.0,26.1
2016-01-29,26.4,27.65,26.21,27.54,3914885.0,27.54
2016-02-01,27.24,27.41,26.92,27.08,1458702.0,27.08
2016-02-02,26.9,26.99,26.35,26.62,1158361.0,26.62
2016-02-03,26.81,27.16,26.29,27.1,1530923.0,27.1
2016-02-04,27.13,27.55,26.91,27.35,1654223.0,27.35
2016-02-05,27.02,27.15,26.72,27.0,1479627.0,27.0
2016-02-08,26.76,26.81,26.08,26.67,3330202.0,26.67
2016-02-09,26.41,26.76,26.27,26.56,3524321.0,26.56
2016-02-10,26.59,27.0,26.45,26.73,1488333.0,26.73
2016-02-11,26.24,26.75,26.16,26.61,1511983.0,26.61
2016-02-12,26.79,27.43,26.73,27.4,1033253.0,27.4
2016-02-16,27.72,28.64,27.49,28.63,1423391.0,28.63
2016-02-17,28.7,29.18,28.29,29.06,1016292.0,29.06
2016-02-18,28.86,29.47,28.67,29.27,1160231.0,29.27
2016-02-19,29.09,29.19,28.56,28.95,965367.0,28.95
2016-02-22,29.26,29.53,28.95,29.45,866385.0,29.45
2016-02-23,29.37,29.64,29.13,29.26,874130.0,29.26
2016-02-24,29.11,29.17,28.8,29.13,1180494.0,29.13
2016-02-25,29.32,29.95,28.79,29.93,1150950.0,29.93
2016-02-26,29.85,30.0,29.43,29.56,906073.0,29.56
2016-02-29,29.6,29.97,29.27,29.38,1365090.0,29.38
2016-03-01,29.52,30.03,29.51,29.97,1310848.0,29.97
2016-03-02,29.89,30.0,29.52,29.99,1231446.0,29.99
2016-03-03,29.5,30.29,29.16,30.2,1531259.0,30.2
2016-03-04,30.19,30.56,29.86,29.99,1011978.0,29.99
2016-03-07,29.77,30.84,29.69,30.83,1362146.0,30.83
2016-03-08,30.7,31.05,30.54,30.94,1569008.0,30.94
2016-03-09,31.04,31.57,30.72,31.46,1848599.0,31.46
2016-03-10,31.5,31.61,30.32,30.6,1703318.0,30.6
2016-03-11,30.93,31.83,30.67,31.79,1365443.0,31.79
2016-03-14,31.77,31.96,31.13,31.68,1002193.0,31.68
2016-03-15,31.44,31.62,31.07,31.19,875921.0,31.19
2016-03-16,31.07,31.59,30.91,31.48,1056046.0,31.48
2016-03-17,31.62,32.68,31.51,32.62,1481140.0,32.62
2016-03-18,32.66,33.17,32.38,32.78,2273675.0,32.78
2016-03-21,32.57,32.6,31.93,32.39,890325.0,32.39
2016-03-22,32.26,32.99,32.18,32.96,1206329.0,32.96
2016-03-23,32.89,32.99,32.64,32.85,1182222.0,32.85
2016-03-24,32.7,32.82,32.38,32.77,801700.0,32.77
2016-03-28,32.83,33.36,32.81,33.09,768812.0,33.09
2016-03-29,33.0,33.52,32.46,33.5,1129760.0,33.5
2016-03-30,33.59,33.85,33.4,33.61,795452.0,33.61
2016-03-31,33.58,34.15,33.5,33.91,1219146.0,33.91
2016-04-01,33.26,33.55,32.27,32.73,2170774.0,32.73
2016-04-04,32.72,32.8,32.48,32.72,1104556.0,32.72
2016-04-05,32.61,32.81,32.35,32.62,1203801.0,32.62
2016-04-06,32.59,32.59,32.12,32.51,783994.0,32.51
2016-04-07,32.39,32.54,32.21,32.28,916266.0,32.28
2016-04-08,32.5,32.84,32.46,32.68,1501012.0,32.68
2016-04-11,32.8,33.08,32.68,32.8,1187402.0,32.8
2016-04-12,32.92,33.2,32.75,33.16,1031075.0,33.16
2016-04-13,33.32,33.32,32.95,33.2,1355451.0,33.2
2016-04-14,33.1,33.28,32.92,33.27,1823098.0,33.27
2016-04-15,33.19,33.71,32.9,33.57,1689936.0,33.57
2016-04-18,34.04,35.07,33.91,34.75,2874166.0,34.75
2016-04-19,34.75,35.23,34.48,35.01,3093198.0,35.01
2016-04-20,35.1,35.48,35.02,35.05,3439456.0,35.05
2016-04-21,35.1,35.25,34.51,35.21,10329526.0,35.21
2016-04-22,35.17,35.88,35.1,35.57,3864373.0,35.57
2016-04-25,35.44,35.52,35.25,35.5,1869483.0,35.5
2016-04-26,35.68,36.0,35.52,35.97,2284994.0,35.97
2016-04-27,35.97,36.28,35.76,36.02,2288516.0,36.02
2016-04-28,35.85,36.62,35.84,36.24,2933969.0,36.24
2016-04-29,36.31,36.55,36.15,36.53,3519703.0,36.53
2016-05-02,37.36,37.61,36.5,36.6,12644055.0,36.6
2016-05-03,36.52,36.56,36.12,36.5,11239791.0,36.5
2016-05-04,36.36,37.29,36.36,37.1,3540319.0,37.1
2016-05-05,37.27,37.38,36.95,37.27,1442155.0,37.27
2016-05-06,37.19,38.08,37.12,38.0,2087266.0,38.0
2016-05-09,37.93,38.64,37.93,38.15,2642357.0,38.15
2016-05-10,38.15,38.25,37.69,38.09,2866509.0,38.09
2016-05-11,38.05,38.05,37.3,37.49,2593096.0,37.49
2016-05-12,37.5,38.21,37.5,38.08,1696207.0,38.08
2016-05-13,38.02,38.12,37.58,37.89,1286965.0,37.89
2016-05-16,37.95,38.23,37.81,38.05,1863945.0,38.05
2016-05-17,37.98,38.15,37.45,37.7,1839784.0,37.7
2016-05-18,37.56,37.58,36.26,36.6,2651499.0,36.6
2016-05-19,36.32,36.5,35.76,36.33,2541690.0,36.33
2016-05-20,36.54,36.67,36.03,36.19,1967092.0,36.19
2016-05-23,36.16,36.2,35.71,36.0,1713147.0,36.0
2016-05-24,36.22,36.73,36.1,36.62,1855463.0,36.62
2016-05-25,36.79,36.88,36.41,36.55,1198692.0,36.55
2016-05-26,36.65,37.0,36.65,36.82,1595394.0,36.82
2016-05-27,36.82,37.31,36.54,36.8,3476698.0,36.8
2016-05-31,36.8,36.89,36.35,36.74,5351856.0,36.74
2016-06-01,36.55,36.84,36.46,36.65,2354837.0,36.65
2016-06-02,36.12,36.65,36.1,36.62,2141188.0,36.62
2016-06-03,36.81,37.08,36.43,36.71,2229353.0,36.71
2016-06-06,36.78,36.9,36.4,36.43,2424150.0,36.43
2016-06-07,36.66,36.85,36.6,36.7,2020506.0,36.7
2016-06-08,36.69,37.09,36.63,37.03,2123004.0,37.03
2016-06-09,36.98,37.15,36.67,37.11,1563838.0,37.11
2016-06-10,36.88,37.27,36.72,37.19,2448336.0,37.19
2016-06-13,37.22,38.14,37.15,37.94,3078956.0,37.94
2016-06-14,37.79,38.23,37.58,38.04,2580967.0,38.04
2016-06-15,38.06,38.6,37.93,38.56,2233588.0,38.56
2016-06-16,38.36,38.47,38.04,38.35,1562785.0,38.35
2016-06-17,38.25,38.41,37.9,38.25,1810620.0,38.25
2016-06-20,38.25,38.49,38.06,38.11,1232891.0,38.11
2016-06-21,38.26,38.4,38.05,38.23,1070933.0,38.23
2016-06-22,38.2,38.41,38.17,38.27,989957.0,38.27
2016-06-23,38.55,38.74,38.44,38.6,873985.0,38.6
2016-06-24,37.36,37.94,37.36,37.73,4617073.0,37.73
2016-06-27,37.6,38.05,37.28,37.98,1752883.0,37.98
2016-06-28,38.24,38.72,38.18,38.57,1861950.0,38.57
2016-06-29,38.76,39.61,38.76,39.55,1933347.0,39.55
2016-06-30,39.55,39.84,39.34,39.83,1802252.0,39.83
2016-07-01,39.92,40.0,39.72,39.94,1795939.0,39.94
2016-07-05,39.91,40.56,39.91,40.44,1821639.0,40.44
2016-07-06,40.32,40.61,39.68,40.0,2164306.0,40.0
2016-07-07,40.02,40.07,39.22,39.28,1543765.0,39.28
2016-07-08,39.6,40.09,39.25,39.85,3934106.0,39.85
2016-07-11,40.0,40.33,39.86,40.31,1091395.0,40.31
2016-07-12,40.5,41.04,40.3,40.96,1475513.0,40.96
2016-07-13,41.08,41.18,40.37,40.52,1246842.0,40.52
2016-07-14,40.77,41.06,40.21,40.26,1123750.0,40.26
2016-07-15,40.22,40.29,39.55,39.84,1887912.0,39.84
2016-07-18,39.92,39.94,39.67,39.71,737425.0,39.71
2016-07-19,39.68,40.09,39.53,39.99,2199684.0,39.99
2016-07-20,40.03,40.19,39.96,40.19,903506.0,40.19
2016-07-21,40.09,40.28,39.99,40.27,585103.0,40.27
2016-07-22,40.33,41.18,40.25,41.06,1135341.0,41.06
2016-07-25,41.01,41.14,40.72,41.11,1288688.0,41.11
2016-07-26,41.13,41.29,40.91,41.25,1355504.0,41.25
2016-07-27,41.13,41.24,40.68,41.0,1088056.0,41.0
2016-07-28,40.87,41.3,40.51,41.24,974404.0,41.24
2016-07-29,41.15,41.44,40.99,41.21,3015919.0,41.21
2016-08-01,41.23,41.5,40.92,41.02,1267597.0,41.02
2016-08-02,40.89,41.23,40.26,40.48,1097860.0,40.48
2016-08-03,40.5,40.54,39.93,40.24,1995677.0,40.24
2016-08-04,40.21,40.33,37.76,37.95,3371424.0,37.95
2016-08-05,38.07,38.16,37.13,37.78,3741797.0,37.78
2016-08-08,37.79,37.79,36.65,36.79,2595766.0,36.79
2016-08-09,36.84,36.86,36.38,36.77,2020824.0,36.77
2016-08-10,36.86,37.24,36.54,36.7,2016883.0,36.7
2016-08-11,36.77,37.08,36.48,37.04,2339286.0,37.04
2016-08-12,37.04,37.58,37.04,37.16,1280868.0,37.16
2016-08-15,37.16,37.39,37.04,37.09,1243123.0,37.09
2016-08-16,37.06,37.13,36.82,36.87,1124600.0,36.87
2016-08-17,37.03,37.17,36.57,36.96,1485508.0,36.96
2016-08-18,36.87,37.44,36.87,37.43,1346803.0,37.43
2016-08-19,37.46,37.71,37.41,37.67,1897394.0,37.67
2016-08-22,37.69,37.96,37.27,37.94,1289055.0,37.94
2016-08-23,38.07,38.23,37.92,38.11,1313833.0,38.11
2016-08-24,38.02,38.08,37.72,38.0,1270262.0,38.0
2016-08-25,38.02,38.51,38.02,38.39,1490857.0,38.39
2016-08-26,38.43,38.96,37.99,38.25,2749422.0,38.25
2016-08-29,38.33,38.63,38.26,38.46,1130295.0,38.46
2016-08-30,38.45,38.52,38.28,38.4,1422216.0,38.4
2016-08-31,38.33,38.52,38.05,38.41,2909195.0,38.41
2016-09-01,38.48,38.71,38.3,38.55,2144430.0,38.55
2016-09-02,38.7,39.46,38.59,38.79,1233987.0,38.79
2016-09-06,38.89,39.6,38.86,39.58,1587199.0,39.58
2016-09-07,39.59,39.75,39.31,39.62,1415141.0,39.62
2016-09-08,39.02,39.04,38.21,38.28,3019638.0,38.28
2016-09-09,37.88,37.89,36.41,36.41,2250169.0,36.41
2016-09-12,36.32,36.97,36.25,36.77,2048215.0,36.77
2016-09-13,36.56,36.56,35.95,36.01,1948036.0,36.01
2016-09-14,36.09,36.37,35.52,35.63,1918281.0,35.63
2016-09-15,35.56,36.2,35.42,36.05,2193201.0,36.05
2016-09-16,35.78,36.09,35.65,35.82,5534787.0,35.82
2016-09-19,36.03,36.52,35.92,36.49,1181472.0,36.49
2016-09-20,36.69,36.94,36.59,36.6,1387127.0,36.6
2016-09-21,36.68,36.98,36.05,36.92,1191625.0,36.92
2016-09-22,37.19,37.59,37.19,37.42,1227048.0,37.42
2016-09-23,37.39,37.82,37.1,37.65,989710.0,37.65
2016-09-26,37.6,38.04,37.4,37.86,1058342.0,37.86
2016-09-27,37.9,38.16,37.71,37.96,1200870.0,37.96
2016-09-28,38.07,38.47,37.78,38.44,1390930.0,38.44
2016-09-29,38.23,38.23,37.54,37.75,1148715.0,37.75
2016-09-30,37.88,38.01,37.52,37.53,1322164.0,37.53
2016-10-03,37.51,37.51,36.48,36.52,1339561.0,36.52
2016-10-04,36.48,36.5,35.13,35.39,1822246.0,35.39
2016-10-05,35.52,35.75,34.26,34.27,2230228.0,34.27
2016-10-06,34.07,34.21,33.58,33.87,2328482.0,33.87
2016-10-07,34.04,34.47,33.37,33.57,1852054.0,33.57
2016-10-10,33.64,33.95,33.56,33.91,1486031.0,33.91
2016-10-11,33.9,34.08,33.63,33.69,1817507.0,33.69
2016-10-12,33.74,34.64,33.59,34.61,2147698.0,34.61
2016-10-13,34.52,35.37,34.34,35.22,1939044.0,35.22
2016-10-14,35.22,35.29,34.38,34.39,1877661.0,34.39
2016-10-17,34.41,34.47,34.1,34.12,1449146.0,34.12
2016-10-18,34.42,34.42,33.98,34.15,1454316.0,34.15
2016-10-19,34.25,34.41,33.67,34.25,2416800.0,34.25
2016-10-20,34.28,34.34,33.78,34.05,755052.0,34.05
2016-10-21,33.79,34.17,33.7,33.97,821429.0,33.97
2016-10-24,34.08,34.31,33.86,34.23,1320085.0,34.23
2016-10-25,34.21,34.38,34.05,34.25,668785.0,34.25
2016-10-26,34.16,34.16,33.74,34.01,741969.0,34.01
2016-10-27,33.98,33.99,32.55,32.76,1918860.0,32.76
2016-10-28,32.83,33.33,32.72,32.83,1063066.0,32.83
2016-10-31,33.0,33.91,32.85,33.73,1655801.0,33.73
2016-11-01,33.29,34.65,32.88,33.17,2377817.0,33.17
2016-11-02,33.17,33.25,32.07,32.11,1892529.0,32.11
2016-11-03,32.11,32.26,31.57,32.1,1781939.0,32.1
2016-11-04,32.2,32.61,32.01,32.44,1247885.0,32.44
2016-11-07,32.87,33.32,32.75,33.29,1223088.0,33.29
2016-11-08,33.36,33.87,33.21,33.69,1275327.0,33.69
2016-11-09,32.82,33.08,32.23,32.78,2302641.0,32.78
2016-11-10,32.75,32.87,31.4,31.46,2543288.0,31.46
2016-11-11,31.47,31.86,31.23,31.54,2258747.0,31.54
2016-11-14,31.53,31.7,30.75,31.67,2364641.0,31.67
2016-11-15,31.87,32.36,31.44,31.82,1800134.0,31.82
2016-11-16,31.7,32.29,31.41,32.24,1318423.0,32.24
2016-11-17,32.15,32.32,31.83,32.0,1297685.0,32.0
2016-11-18,31.97,31.98,31.29,31.55,1780242.0,31.55
2016-11-21,31.79,32.85,31.77,32.59,1618272.0,32.59
2016-11-22,32.79,33.12,32.71,33.08,1291466.0,33.08
2016-11-23,32.78,33.25,32.73,33.1,882868.0,33.1
2016-11-25,33.14,33.86,33.14,33.66,568441.0,33.66
2016-11-28,33.64,34.0,33.25,33.28,1383296.0,33.28
2016-11-29,33.29,33.94,33.18,33.73,1837443.0,33.73
2016-11-30,33.7,33.72,32.65,33.0,2912691.0,33.0
2016-12-01,32.99,32.99,32.25,32.52,2084052.0,32.52
2016-12-02,32.6,33.8,32.6,33.72,1877393.0,33.72
2016-12-05,33.73,33.99,33.4,33.97,1561902.0,33.97
2016-12-06,34.02,34.19,33.72,33.8,995476.0,33.8
2016-12-07,33.84,34.73,33.46,34.72,2122834.0,34.72
2016-12-08,34.56,35.08,34.49,34.99,1251213.0,34.99
2016-12-09,34.95,35.08,34.56,34.65,1154710.0,34.65
2016-12-12,34.37,34.38,33.8,34.14,1814553.0,34.14
2016-12-13,33.53,33.57,33.01,33.16,1695951.0,33.16
2016-12-14,33.13,33.2,32.15,32.22,2474408.0,32.22
2016-12-15,31.94,31.95,31.39,31.75,3207050.0,31.75
2016-12-16,31.85,32.22,31.77,32.06,3880775.0,32.06
2016-12-19,31.79,32.26,31.78,31.98,1410490.0,31.98
2016-12-20,31.8,32.07,31.63,31.97,1181729.0,31.97
2016-12-21,32.1,32.61,32.02,32.24,1397079.0,32.24
2016-12-22,32.22,32.52,31.97,32.41,986910.0,32.41
2016-12-23,32.4,32.58,32.3,32.54,824392.0,32.54
2016-12-27,32.71,32.77,32.32,32.45,646203.0,32.45
2016-12-28,32.46,32.6,32.04,32.12,768837.0,32.12
2016-12-29,32.15,32.53,31.9,32.38,922000.0,32.38
2016-12-30,32.45,32.79,32.28,32.48,1995605.0,32.48
2017-01-03,32.81,33.11,32.27,33.1,1812084.0,33.1
2017-01-04,33.2,33.96,32.87,33.91,1346347.0,33.91
2017-01-05,33.72,34.07,33.6,33.98,1465313.0,33.98
2017-01-06,33.98,34.0,33.36,33.5,1101969.0,33.5
2017-01-09,33.6,33.6,33.03,33.26,1271662.0,33.26
2017-01-10,33.15,33.35,32.69,33.3,1076952.0,33.3
2017-01-11,33.34,33.54,33.06,33.19,1220504.0,33.19
2017-01-12,33.18,33.72,33.12,33.69,842330.0,33.69
2017-01-13,33.59,33.75,33.12,33.4,863693.0,33.4
2017-01-17,33.5,34.0,33.4,33.95,799064.0,33.95
2017-01-18,33.8,34.34,33.73,34.1,880955.0,34.1
2017-01-19,34.05,34.1,33.58,33.92,932002.0,33.92
2017-01-20,33.95,34.72,33.84,34.68,1610565.0,34.68
2017-01-23,34.54,35.04,34.42,34.97,1169698.0,34.97
2017-01-24,35.0,35.38,34.94,35.31,1508835.0,35.31
2017-01-25,35.36,35.39,35.06,35.31,1547146.0,35.31
2017-01-26,35.23,36.17,35.23,36.17,1561765.0,36.17
2017-01-27,36.26,36.28,35.97,36.18,1313267.0,36.18
2017-01-30,36.08,36.08,35.55,35.79,1976642.0,35.79
2017-01-31,35.82,36.08,35.72,35.8,3226422.0,35.8
2017-02-01,35.79,36.07,35.3,35.98,2156817.0,35.98
2017-02-02,35.95,36.27,35.83,36.2,935877.0,36.2
2017-02-03,36.39,36.73,36.31,36.59,1249174.0,36.59
2017-02-06,36.58,36.7,36.38,36.67,1407580.0,36.67
2017-02-07,36.69,36.89,36.61,36.71,1635416.0,36.71
2017-02-08,36.59,36.83,36.49,36.8,1239743.0,36.8
2017-02-09,36.8,37.18,36.67,37.03,1261553.0,37.03
2017-02-10,37.0,37.5,36.81,37.39,899071.0,37.39
2017-02-13,37.42,37.75,37.23,37.62,1110822.0,37.62
2017-02-14,37.5,37.62,37.02,37.05,1199698.0,37.05
2017-02-15,36.88,37.36,36.86,37.26,932378.0,37.26
2017-02-16,37.15,37.47,36.91,37.0,1776259.0,37.0
2017-02-17,36.98,37.26,36.86,37.15,1762725.0,37.15
2017-02-21,37.15,37.72,37.09,37.71,1512899.0,37.71
2017-02-22,37.63,37.7,37.04,37.14,1993823.0,37.14
2017-02-23,37.35,37.7,36.71,36.94,1906347.0,36.94
2017-02-24,36.74,37.06,36.73,36.9,1405525.0,36.9
2017-02-27,36.9,36.99,36.51,36.65,1588932.0,36.65
2017-02-28,36.56,36.72,36.32,36.35,2419056.0,36.35
2017-03-01,36.49,36.58,36.17,36.48,1443846.0,36.48
2017-03-02,36.42,36.51,36.13,36.37,1449128.0,36.37
2017-03-03,36.36,36.37,35.97,36.36,1265288.0,36.36
2017-03-06,36.25,36.3,35.95,36.12,1362300.0,36.12
2017-03-07,35.98,36.12,35.62,35.79,1065619.0,35.79
2017-03-08,35.51,35.54,34.74,34.76,1190743.0,34.76
2017-03-09,34.77,34.86,33.94,34.1,1777607.0,34.1
2017-03-10,34.25,34.55,33.62,34.24,1585371.0,34.24
2017-03-13,33.79,34.05,33.68,34.01,1287386.0,34.01
2017-03-14,33.72,34.0,33.43,33.96,1352620.0,33.96
2017-03-15,33.88,34.66,33.88,34.49,1107637.0,34.49
2017-03-16,34.5,34.7,34.29,34.57,1535970.0,34.57
2017-03-17,34.7,35.1,34.57,35.06,2214581.0,35.06
2017-03-20,35.03,35.18,34.77,34.87,1043834.0,34.87
2017-03-21,35.05,35.24,34.53,34.55,1245795.0,34.55
2017-03-22,34.64,35.25,34.44,35.02,1673864.0,35.02
2017-03-23,34.95,35.48,34.8,35.06,1352840.0,35.06
2017-03-24,35.08,35.4,34.69,34.73,1331940.0,34.73
2017-03-27,34.65,34.91,34.32,34.58,1226475.0,34.58
2017-03-28,34.6,35.13,34.48,35.1,1019697.0,35.1
2017-03-29,35.12,35.42,35.05,35.39,867035.0,35.39
2017-03-30,35.27,35.51,35.12,35.39,1078882.0,35.39
2017-03-31,35.32,35.84,35.25,35.67,1095048.0,35.67
2017-04-03,35.55,36.0,35.18,35.33,1052483.0,35.33
2017-04-04,35.27,35.27,34.88,35.1,894115.0,35.1
2017-04-05,35.2,35.4,34.9,34.94,1297537.0,34.94
2017-04-06,35.01,35.32,34.84,35.3,849585.0,35.3
2017-04-07,35.32,35.63,35.21,35.52,1331684.0,35.52
2017-04-10,35.51,35.54,35.15,35.44,1218768.0,35.44
2017-04-11,35.5,35.63,35.32,35.5,1302119.0,35.5
2017-04-12,35.5,35.59,35.23,35.34,1088852.0,35.34
2017-04-13,35.34,35.52,35.11,35.29,1380731.0,35.29
2017-04-17,35.43,35.9,35.38,35.89,1480287.0,35.89
2017-04-18,35.85,36.7,35.77,36.54,1382525.0,36.54
2017-04-19,36.64,36.64,36.12,36.2,1164510.0,36.2
2017-04-20,36.28,36.66,36.13,36.52,822768.0,36.52
2017-04-21,36.48,36.64,36.18,36.34,1223633.0,36.34
2017-04-24,36.6,36.65,35.93,36.47,1144161.0,36.47
2017-04-25,36.55,36.6,36.33,36.54,708705.0,36.54
2017-04-26,36.47,36.5,36.1,36.1,1046537.0,36.1
2017-04-27,36.0,36.14,34.77,34.86,1553895.0,34.86
2017-04-28,34.8,34.82,34.57,34.76,1209009.0,34.76
2017-05-01,34.95,35.33,34.86,35.19,1059803.0,35.19
2017-05-02,35.26,35.6,35.26,35.33,1183816.0,35.33
2017-05-03,35.54,35.54,34.66,34.69,813353.0,34.69
2017-05-04,34.77,34.8,34.3,34.75,1215346.0,34.75
2017-05-05,34.9,35.27,34.88,35.26,773002.0,35.26
2017-05-08,35.3,35.33,34.74,34.9,797256.0,34.9
2017-05-09,34.9,35.06,34.54,34.8,836781.0,34.8
2017-05-10,34.84,35.16,34.84,35.08,763248.0,35.08
2017-05-11,34.95,34.99,34.74,34.86,641448.0,34.86
2017-05-12,34.92,34.92,34.5,34.57,851568.0,34.57
2017-05-15,34.6,35.0,34.43,34.67,1356273.0,34.67
2017-05-16,34.8,34.99,34.51,34.95,1185898.0,34.95
2017-05-17,34.84,35.41,34.84,35.26,1918465.0,35.26
2017-05-18,35.14,35.69,34.85,35.41,2426711.0,35.41
2017-05-19,35.49,35.49,34.9,34.98,1183797.0,34.98
2017-05-22,35.0,35.12,34.49,34.81,1247393.0,34.81
2017-05-23,34.88,35.0,34.67,34.72,703167.0,34.72
2017-05-24,34.81,35.16,34.6,34.8,1350103.0,34.8
2017-05-25,34.91,35.13,34.75,35.08,949873.0,35.08
2017-05-26,35.11,35.25,34.99,35.17,708876.0,35.17
2017-05-30,35.15,35.39,35.01,35.04,658165.0,35.04
2017-05-31,35.16,35.31,34.83,34.92,1590800.0,34.92
2017-06-01,34.99,35.04,34.64,34.99,1202430.0,34.99
2017-06-02,35.22,35.69,35.16,35.26,946766.0,35.26
2017-06-05,35.14,35.35,34.76,34.81,955430.0,34.81
2017-06-06,34.99,35.1,34.7,35.0,689255.0,35.0
2017-06-07,34.5,34.6,32.53,33.69,4726919.0,33.69
2017-06-08,33.54,33.65,33.06,33.45,2320681.0,33.45
2017-06-09,33.24,33.46,33.03,33.31,1414681.0,33.31
2017-06-12,33.31,34.3,33.31,34.3,1482012.0,34.3
2017-06-13,33.72,34.42,33.7,34.21,1491740.0,34.21
2017-06-14,34.5,34.65,34.08,34.19,911771.0,34.19
2017-06-15,33.94,34.79,33.93,34.62,1020661.0,34.62
2017-06-16,34.74,34.75,34.06,34.21,1900886.0,34.21
2017-06-19,34.2,34.73,34.16,34.72,742678.0,34.72
2017-06-20,34.74,34.95,34.6,34.81,1068640.0,34.81
2017-06-21,34.75,34.75,33.98,34.05,980920.0,34.05
2017-06-22,34.04,34.23,33.82,34.12,835857.0,34.12
2017-06-23,34.12,34.59,34.07,34.52,1266860.0,34.52
